برنامه ۷۰ روزه آمادگی برای آزمون ÖSD Zertifikat B2 (هدف: بالای ۹۵٪)																								
راهنما: هر روز دو مبحث گرامری دارد و هر مبحث دو مثال با ترجمه. ستون «وضعیت» را (از فهرست کشویی) پر کنید تا برگه پیگیری پیشرفت خودکار به‌روز شود. تاریخ شروع در برگه «پیگیری پیشرفت» (خانه B3) قابل تغییر است. رنگ سبز: فاز ۱، زرد: فاز ۲، نارنجی: فاز ۳، قرمز: روز آزمون آزمایشی.																								
																								
روز	هفته	فاز	تاریخ	تمرکز اصلی روز	گرامر اول	مثال ۱ از گرامر اول (آلمانی و ترجمه)	مثال ۲ از گرامر اول (آلمانی و ترجمه)	گرامر دوم	مثال ۱ از گرامر دوم (آلمانی و ترجمه)	مثال ۲ از گرامر دوم (آلمانی و ترجمه)	دقیقه گرامر	Lesen (خواندن)	دقیقه	Hören (شنیدن)	دقیقه	Schreiben (نوشتن)	دقیقه	Sprechen (گفتار)	دقیقه	Wortschatz (واژگان)	دقیقه	مجموع دقایق روز	هدف اندازه‌پذیر روز	وضعیت انجام
1	1	فاز ۱: تثبیت پایه	2026-10-08	خواندن	Präsens: starke und unregelmäßige Verben (زمان حال: افعال قوی و بی‌قاعده)	Der Techniker liest die Messwerte und fährt dann zum Kraftwerk. « تکنسین مقادیر اندازه‌گیری را می‌خواند و سپس به نیروگاه می‌رود. »	Sie spricht fließend Deutsch und hilft ihren Kollegen beim Schreiben der Berichte. « او روان آلمانی صحبت می‌کند و در نوشتن گزارش‌ها به همکارانش کمک می‌کند. »	Perfekt mit haben und sein (ماضی نقلی با haben و sein)	Ich habe gestern den Transformator geprüft. « من دیروز ترانسفورماتور را بررسی کردم. »	Wir sind am Montag nach Wien geflogen und haben dort eine Schulung besucht. « ما دوشنبه به وین پرواز کردیم و آنجا در یک دوره آموزشی شرکت کردیم. »	40	صفحه رسمی نمونه‌آزمون گوته B2 ـ Teil 1 «Moderne Lebensformen» (چهار پست انجمن؛ ۱۸ دقیقه): ۹ جمله را به افراد نسبت دهید. پاسخ را همان‌جا بررسی کنید. 🔗 https://bfu.goethe.de/b2_mod_2MX6/lesen.php	40	صفحه رسمی گوته B2 ـ Teil 1: پنج گفت‌وگو و جمله کوتاه (ادبیات، پرداخت نقدی، کارآموزی، پلاک دوچرخه، موضوع سمینار)؛ هر متن فقط یک بار؛ ۱۰ تکلیف. 🔗 https://bfu.goethe.de/b2_mod_2MX6/hoeren.php	20	ویدیو: «Wie schreibe ich einen Leserbrief? ـ Aufbau, Gliederung & Inhalt» (Die Merkhilfe): ساختار را یادداشت کنید، سپس متن نظرتان را بنویسید. سپس درباره «Arbeit und Beruf» بنویسید و ساختار گرامری امروز را به‌کار ببرید: Präsens. 🔗 https://www.youtube.com/watch?v=jrZ1A_BLZZA	20	ویدیوی رسمی ÖSD: «ÖSD Zertifikat B2 – Mündliche Prüfung (Sprechen)»: ساختار واقعی را ببینید، بعد یک تکلیف مشابه را ضبط کنید. سپس خودتان درباره «Migration und Integration» صحبت کنید و ضبط کنید؛ ساختار گرامری امروز: Perfekt mit haben und sein. 🔗 https://www.youtube.com/watch?v=nFQljN4Oeio	15	متن مقاله ویکی‌پدیای آلمانی «Hochschule»: ۱۵ واژه یا ترکیب دشوار را از آن بیرون بکشید، ‌معنی و حرف تعریف را بنویسید و هر کدام را در یک جمله خودتان به‌کار ببرید. 🔗 https://de.wikipedia.org/wiki/Hochschule	20	155	حداقل 80٪ پاسخ درست در تمرین دو مبحث گرامر؛ استفاده از هر دو ساختار در یک جمله نوشتاری یا گفتاری خودتان؛ خروجی اصلی امروز: خواندن؛ ثبت ۱۵ واژه جدید و خطاها.	انجام نشد
2	1	فاز ۱: تثبیت پایه	2026-10-09	شنیدن	Präteritum: regelmäßige und unregelmäßige Verben (ماضی ساده (Präteritum): افعال باقاعده و بی‌قاعده)	Früher arbeitete er in einer kleinen Firma in Teheran. « او قبلاً در یک شرکت کوچک در تهران کار می‌کرد. »	Als der Strom ausfiel, ging ich sofort in den Keller und schaltete den Generator ein. « وقتی برق قطع شد، بلافاصله به زیرزمین رفتم و ژنراتور را روشن کردم. »	Plusquamperfekt (ماضی بعید)	Nachdem die Techniker die Anlage abgeschaltet hatten, begannen sie mit der Wartung. « پس از آنکه تکنسین‌ها دستگاه را خاموش کرده بودند، تعمیر و نگهداری را شروع کردند. »	Ich hatte schon drei Bewerbungen geschickt, bevor die erste Antwort kam. « پیش از رسیدن اولین پاسخ، من از قبل سه درخواست کار فرستاده بودم. »	40	متن مقاله ویکی‌پدیای آلمانی «Wohnungsmarkt» (متن عمومی هم‌موضوع، نه نمونه آزمون): ۲۰ دقیقه بخوانید، ۵ جمله خلاصه بنویسید و ۸ واژه یا ترکیب دشوار را استخراج کنید. 🔗 https://de.wikipedia.org/wiki/Wohnungsmarkt	20	همان صفحه ـ Teil 2: مصاحبه رادیویی با یک دانشمند درباره تغذیه و کشاورزی (مصرف گوشت، حشرات، کشاورزی شهری)؛ دو بار؛ پرسش ۱۱ تا ۱۶. 🔗 https://bfu.goethe.de/b2_mod_2MX6/hoeren.php	40	ویدیو: «Redemittel: Die eigene Meinung ausdrücken» (DeutschLera): ۱۰ عبارت را بنویسید و در متن خودتان استفاده کنید. سپس درباره «Gesundheit und Ernährung» بنویسید و ساختار گرامری امروز را به‌کار ببرید: Präteritum. 🔗 https://www.youtube.com/watch?v=Tj9P_HXTBtM	25	ویدیو: «Prüfungsvorbereitung B2, Thema präsentieren, Meinung äußern, Redemittel» (Deutsch global). سپس خودتان درباره «Reisen und Verkehr» صحبت کنید و ضبط کنید؛ ساختار گرامری امروز: Plusquamperfekt. 🔗 https://www.youtube.com/watch?v=ILelVsByEPk	15	متن مقاله ویکی‌پدیای آلمانی «Mietspiegel»: ۱۵ واژه یا ترکیب دشوار را از آن بیرون بکشید، ‌معنی و حرف تعریف را بنویسید و هر کدام را در یک جمله خودتان به‌کار ببرید. 🔗 https://de.wikipedia.org/wiki/Mietspiegel	20	160	حداقل 80٪ پاسخ درست در تمرین دو مبحث گرامر؛ استفاده از هر دو ساختار در یک جمله نوشتاری یا گفتاری خودتان؛ خروجی اصلی امروز: شنیدن؛ ثبت ۱۵ واژه جدید و خطاها.	انجام نشد
3	1	فاز ۱: تثبیت پایه	2026-10-10	نوشتن	Futur I: Zukunft und Vermutung (آینده ساده: آینده و حدس)	Nächstes Jahr werde ich in Deutschland arbeiten. « سال آینده در آلمان کار خواهم کرد. »	Er wird wohl noch im Büro sein. « او احتمالاً هنوز در دفتر است. »	Futur II (آینده کامل)	Bis Ende des Jahres werde ich die Prüfung bestanden haben. « تا پایان سال امتحان را گذرانده‌ام. »	Sie wird die Nachricht schon gelesen haben. « او احتمالاً پیام را از قبل خوانده است. »	40	همان صفحه ـ Teil 2 «Reisefieber» (مقاله مجله؛ جای‌خالی با جمله؛ ۱۲ دقیقه): جمله‌های مناسب را در جای‌خالی‌ها بگذارید. 🔗 https://bfu.goethe.de/b2_mod_2MX6/lesen.php	15	همان صفحه ـ Teil 3: گفت‌وگوی رادیویی درباره شیوه‌های زندگی جایگزین (WG، خانه سالمندان)؛ یک بار؛ تطبیق گوینده و جمله. 🔗 https://bfu.goethe.de/b2_mod_2MX6/hoeren.php	15	ویدیو: «Sofort besser schreiben mit diesen Konnektoren! (b2, c1)» (DeutschLera): حداقل ۶ حرف ربط را در متنتان به‌کار ببرید. سپس درباره «Technik und Energie» بنویسید و ساختار گرامری امروز را به‌کار ببرید: Futur I. 🔗 https://www.youtube.com/watch?v=oBqzMHsZfPA	45	ویدیو: «Was Prüfer bei der BILDBESCHREIBUNG erwarten: ÖSD B2» (AR German Talks): معیارهای ارزیابی را یادداشت کنید. سپس خودتان درباره «Wirtschaft und Finanzen» صحبت کنید و ضبط کنید؛ ساختار گرامری امروز: Futur II. 🔗 https://www.youtube.com/watch?v=Xwp5L53uj3s	20	متن مقاله ویکی‌پدیای آلمانی «Familie»: ۱۵ واژه یا ترکیب دشوار را از آن بیرون بکشید، ‌معنی و حرف تعریف را بنویسید و هر کدام را در یک جمله خودتان به‌کار ببرید. 🔗 https://de.wikipedia.org/wiki/Familie	20	155	حداقل 80٪ پاسخ درست در تمرین دو مبحث گرامر؛ استفاده از هر دو ساختار در یک جمله نوشتاری یا گفتاری خودتان؛ خروجی اصلی امروز: نوشتن؛ ثبت ۱۵ واژه جدید و خطاها.	انجام نشد
4	1	فاز ۱: تثبیت پایه	2026-10-11	گفتار	Trennbare und untrennbare Verben (افعال جداشدنی و جدانشدنی)	Ich rufe morgen den Vermieter an und teile ihm meinen Einzugstermin mit. « فردا به صاحب‌خانه زنگ می‌زنم و زمان نقل‌مکانم را به او اطلاع می‌دهم. »	Der Ingenieur versteht das Problem und erklärt es seinen Kollegen. « مهندس مشکل را می‌فهمد و آن را برای همکارانش توضیح می‌دهد. »	Reflexive Verben und Reflexivpronomen (افعال انعکاسی و ضمایر انعکاسی)	Ich interessiere mich für erneuerbare Energien. « من به انرژی‌های تجدیدپذیر علاقه دارم. »	Wir haben uns lange über die neuen Sicherheitsvorschriften unterhalten. « ما مدت طولانی درباره مقررات ایمنی جدید گفتگو کردیم. »	40	متن مقاله ویکی‌پدیای آلمانی «Synchrotron» (متن عمومی هم‌موضوع، نه نمونه آزمون): ۲۰ دقیقه بخوانید، ۵ جمله خلاصه بنویسید و ۸ واژه یا ترکیب دشوار را استخراج کنید. 🔗 https://de.wikipedia.org/wiki/Synchrotron	25	همان صفحه ـ Teil 4: سخنرانی کوتاه «Bessere Arbeitstechniken» (تمرکز، استراحت، فشار زمان)؛ دو بار؛ ۸ تکلیف. 🔗 https://bfu.goethe.de/b2_mod_2MX6/hoeren.php	20	ویدیو: «Deutsch lernen: B2 Beschwerdebrief schreiben» (SimplyDeutsch): نامه شکایت را طبق همین الگو بنویسید. سپس درباره «Konsum und Werbung» بنویسید و ساختار گرامری امروز را به‌کار ببرید: Trennbare und untrennbare Verben. 🔗 https://www.youtube.com/watch?v=fJi5dHkeOs8	15	ویدیو: «ÖSD B2 – Sprechen – Aufgabe 2 – Ein Bild/Foto beschreiben und interpretieren» (نوای یار). سپس خودتان درباره «Arbeit und Beruf» صحبت کنید و ضبط کنید؛ ساختار گرامری امروز: Reflexive Verben und Reflexivpronomen. 🔗 https://www.youtube.com/watch?v=sSlVy6IXTME	40	متن مقاله ویکی‌پدیای آلمانی «Teilchenbeschleuniger»: ۱۵ واژه یا ترکیب دشوار را از آن بیرون بکشید، ‌معنی و حرف تعریف را بنویسید و هر کدام را در یک جمله خودتان به‌کار ببرید. 🔗 https://de.wikipedia.org/wiki/Teilchenbeschleuniger	20	160	حداقل 80٪ پاسخ درست در تمرین دو مبحث گرامر؛ استفاده از هر دو ساختار در یک جمله نوشتاری یا گفتاری خودتان؛ خروجی اصلی امروز: گفتار؛ ثبت ۱۵ واژه جدید و خطاها.	انجام نشد
5	1	فاز ۱: تثبیت پایه	2026-10-12	خواندن و شنیدن	Verben mit Präposition und Akkusativ (افعال با حرف اضافه و مفعول در حالت اکوزاتیو)	Er wartet auf die Genehmigung der Behörde. « او منتظر مجوز اداره است. »	Ich habe mich über das Jobangebot sehr gefreut. « من از پیشنهاد شغلی بسیار خوشحال شدم. »	Verben mit Präposition und Dativ (افعال با حرف اضافه و مفعول در حالت داتیو)	Sie beschäftigt sich seit Jahren mit der Hochspannungstechnik. « او سال‌هاست با فناوری فشار قوی سروکار دارد. »	Ich zweifle nicht an deinen Fähigkeiten. « من به توانایی‌های تو شک ندارم. »	40	همان صفحه ـ Teil 3 «Doktor Google» (مقاله روزنامه؛ چندگزینه‌ای؛ ۱۲ دقیقه): ۶ پرسش را پاسخ دهید و دلیل هر پاسخ را از متن نشان دهید. 🔗 https://bfu.goethe.de/b2_mod_2MX6/lesen.php	35	فایل صوتی رسمی گوته B2 (جوانان) Prüfungstraining 1 Hören (MP3): به‌همراه PDF همان نمونه‌آزمون حل کنید. 🔗 https://goethemp4s.akamaized.net/resources/files/mp310/pruefungstraining_1_hoeren_b2_jugendliche.mp3	35	ویدیو: «ÖSD Zertifikat B2 | Schreiben 1 | Beschwerde | Jobbörse vermittelt Praktikum» (Deutsch mit Christiane): نمونه واقعی ÖSD؛ ابتدا خودتان بنویسید، سپس ویدیو را ببینید. سپس درباره «Kultur und Freizeit» بنویسید و ساختار گرامری امروز را به‌کار ببرید: Verben mit Präposition und Akkusativ. 🔗 https://www.youtube.com/watch?v=CFo_Njg5qtk	20	ویدیو: «ÖSD b2 (Fotobeschreibung)» (Deutsch mit Melissa). سپس خودتان درباره «Gesundheit und Ernährung» صحبت کنید و ضبط کنید؛ ساختار گرامری امروز: Verben mit Präposition und Dativ. 🔗 https://www.youtube.com/watch?v=fokI7H-Ufsc	15	متن مقاله ویکی‌پدیای آلمانی «Datenschutz»: ۱۵ واژه یا ترکیب دشوار را از آن بیرون بکشید، ‌معنی و حرف تعریف را بنویسید و هر کدام را در یک جمله خودتان به‌کار ببرید. 🔗 https://de.wikipedia.org/wiki/Datenschutz	20	165	حداقل 80٪ پاسخ درست در تمرین دو مبحث گرامر؛ استفاده از هر دو ساختار در یک جمله نوشتاری یا گفتاری خودتان؛ خروجی اصلی امروز: خواندن و شنیدن؛ ثبت ۱۵ واژه جدید و خطاها.	انجام نشد
6	1	فاز ۱: تثبیت پایه	2026-10-13	نوشتن و گفتار	Pronominaladverbien: darauf, wofür, damit (قیدهای ضمیری: darauf، wofür، damit)	Worauf wartest du? – Darauf, dass der Techniker endlich kommt. « منتظر چه هستی؟ – منتظر اینکه تکنسین بالاخره بیاید. »	Ich habe mich darum gekümmert, dass alle Unterlagen vollständig sind. « من رسیدگی کردم که همه مدارک کامل باشند. »	Modalverben im Präsens und Präteritum (افعال کمکی وجهی در حال و ماضی ساده)	Man darf die Anlage nur mit Schutzkleidung betreten. « فقط با لباس ایمنی اجازه ورود به تأسیسات وجود دارد. »	Als Kind musste ich jeden Tag eine Stunde zur Schule laufen. « در کودکی مجبور بودم هر روز یک ساعت تا مدرسه پیاده بروم. »	40	متن مقاله ویکی‌پدیای آلمانی «Migration» (متن عمومی هم‌موضوع، نه نمونه آزمون): ۲۰ دقیقه بخوانید، ۵ جمله خلاصه بنویسید و ۸ واژه یا ترکیب دشوار را استخراج کنید. 🔗 https://de.wikipedia.org/wiki/Migration	15	فایل رسمی گوته B2 (بزرگسالان) Modellsatz Hören/Rahmen (MP4): فایل را همراه PDF نمونه‌آزمون پخش کنید. 🔗 https://goethemp4s.akamaized.net/resources/files/mp477/b2_modellsatz_rahmen_erwachsene.mp4	20	ویدیو: «ÖSD Zertifikat B2 | Schreiben 1 | Beschwerde über Fahrradverleih» (Deutsch mit Christiane): نمونه واقعی ÖSD. سپس درباره «Umwelt und Klima» بنویسید و ساختار گرامری امروز را به‌کار ببرید: Pronominaladverbien. 🔗 https://www.youtube.com/watch?v=jPxFBXCdm_Y	40	ویدیو: «Mündlich B2 ÖSD ـ Bild beschreiben» (Deutsch B2,C1): مدل توصیف تصویر. سپس خودتان درباره «Technik und Energie» صحبت کنید و ضبط کنید؛ ساختار گرامری امروز: Modalverben im Präsens und Präteritum. 🔗 https://www.youtube.com/watch?v=GFsneyjtKjA	30	متن مقاله ویکی‌پدیای آلمانی «Integration (Soziologie)»: ۱۵ واژه یا ترکیب دشوار را از آن بیرون بکشید، ‌معنی و حرف تعریف را بنویسید و هر کدام را در یک جمله خودتان به‌کار ببرید. 🔗 https://de.wikipedia.org/wiki/Integration_(Soziologie)	20	165	حداقل 80٪ پاسخ درست در تمرین دو مبحث گرامر؛ استفاده از هر دو ساختار در یک جمله نوشتاری یا گفتاری خودتان؛ خروجی اصلی امروز: نوشتن و گفتار؛ ثبت ۱۵ واژه جدید و خطاها.	انجام نشد
7	1	فاز ۱: تثبیت پایه	2026-10-14	مرور هفته و آزمون	Modalverben im Perfekt (Ersatzinfinitiv) (افعال وجهی در ماضی نقلی (مصدر جایگزین))	Wir haben gestern bis spät arbeiten müssen. « ما دیروز مجبور شدیم تا دیر وقت کار کنیم. »	Sie hat leider nicht kommen können, weil sie krank war. « او متأسفانه نتوانست بیاید، چون بیمار بود. »	Subjektive Bedeutung der Modalverben (معنای ذهنی (احتمال و نقل‌قول) افعال وجهی)	Er muss sehr müde sein, er gähnt die ganze Zeit. « او حتماً خیلی خسته است، تمام مدت خمیازه می‌کشد. »	Sie soll angeblich in Berlin studiert haben. « گفته می‌شود که او در برلین تحصیل کرده است. »	40	مرور خطاهای خواندن این هفته: هر تکلیف اشتباه را دوباره بخوانید و علت خطا را بنویسید. (مرور هفته 1) منبع: صفحه رسمی دانلودهای ÖSD: یکی از مدل‌ست‌ها را انتخاب کنید و خطاهای این هفته را دوباره حل کنید. 🔗 https://www.osd.at/downloads/	30	مرور خطاهای شنیداری: بخش‌هایی را که اشتباه شنیده‌اید دوباره گوش دهید و با متن تطبیق دهید. (مرور هفته 1) منبع: صفحه رسمی گوته ـ هر Teil شنیداری را که این هفته ضعیف بوده دوباره گوش دهید. 🔗 https://bfu.goethe.de/b2_mod_2MX6/hoeren.php	30	یکی از نوشته‌های هفته را بازنویسی کنید و فهرست خطاهای تکراری خود را به‌روز کنید. (مرور هفته 1) منبع: LanguageTool: یکی از نوشته‌های این هفته را بررسی کنید و خطاهای تکراری را فهرست کنید. 🔗 https://languagetool.org/de	30	ضبط یک تک‌گویی ۳ دقیقه‌ای درباره موضوعی از همین هفته؛ بازشنیدن و یادداشت ۳ نقطه ضعف. (مرور هفته 1) منبع: ویدیوی رسمی ÖSD درباره Sprechen: بازبینی معیارها و ضبط یک تک‌گویی ۳ دقیقه‌ای. 🔗 https://www.youtube.com/watch?v=nFQljN4Oeio	20	مرور همه واژه‌های دشوار هفته با کارت‌های مرور و جمله‌سازی شفاهی. (مرور هفته 1) منبع: فرهنگ لغت DWDS 🔗 https://www.dwds.de/	20	170	همه خطاهای هفته را در دفتر خطا مرور کنید؛ هر خطا را دوباره درست بنویسید و ۱۰ جمله جدید با گرامرهای هفته بسازید.	انجام نشد
8	2	فاز ۱: تثبیت پایه	2026-10-15	خواندن	Vorgangspassiv im Präsens (مجهول فرایندی در زمان حال)	Der Generator wird jede Woche kontrolliert. « ژنراتور هر هفته بازرسی می‌شود. »	In der Werkstatt werden die Kabel getestet. « در کارگاه کابل‌ها آزمایش می‌شوند. »	Vorgangspassiv im Präteritum (مجهول فرایندی در ماضی ساده)	Das Gebäude wurde 1998 gebaut. « این ساختمان در سال ۱۹۹۸ ساخته شد. »	Die Messdaten wurden gestern automatisch gespeichert. « داده‌های اندازه‌گیری دیروز به‌طور خودکار ذخیره شدند. »	40	همان صفحه ـ Teil 4 «Digitale Nomaden» (نظر خوانندگان و تطبیق با تیتر؛ ۱۲ دقیقه). 🔗 https://bfu.goethe.de/b2_mod_2MX6/lesen.php	40	ویدیو: «ÖSD MITTELSTUFE B2 ـ Hören Modell 3 Teil 1 mit Lösung» (DEUTSCH-INSTITUT). 🔗 https://www.youtube.com/watch?v=XwuOjYe-J3o	20	ویدیو: «ÖSD B2 Schreiben: Formelle E-Mail & Meinung schreiben | 10 Modelltests erklärt» (Lernen Deutsch Prüfung). سپس درباره «Reisen und Verkehr» بنویسید و ساختار گرامری امروز را به‌کار ببرید: Vorgangspassiv im Präsens. 🔗 https://www.youtube.com/watch?v=DjTHZa4pb2c	20	ویدیو: «Deutsch lernen: Bildbeschreibung (Mündliche Prüfung) A1–B2» (SimplyDeutsch). سپس خودتان درباره «Wissenschaft und Forschung» صحبت کنید و ضبط کنید؛ ساختار گرامری امروز: Vorgangspassiv im Präteritum. 🔗 https://www.youtube.com/watch?v=krJml8rJr8M	15	متن مقاله ویکی‌پدیای آلمانی «Museum»: ۱۵ واژه یا ترکیب دشوار را از آن بیرون بکشید، ‌معنی و حرف تعریف را بنویسید و هر کدام را در یک جمله خودتان به‌کار ببرید. 🔗 https://de.wikipedia.org/wiki/Museum	20	155	حداقل 80٪ پاسخ درست در تمرین دو مبحث گرامر؛ استفاده از هر دو ساختار در یک جمله نوشتاری یا گفتاری خودتان؛ خروجی اصلی امروز: خواندن؛ ثبت ۱۵ واژه جدید و خطاها.	انجام نشد
9	2	فاز ۱: تثبیت پایه	2026-10-16	شنیدن	Vorgangspassiv im Perfekt und Plusquamperfekt (مجهول فرایندی در ماضی نقلی و بعید)	Die Anlage ist letzte Woche repariert worden. « دستگاه هفته گذشته تعمیر شده است. »	Nachdem die Fehler gefunden worden waren, startete man das System neu. « پس از آنکه خطاها پیدا شده بودند، سیستم دوباره راه‌اندازی شد. »	Passiv mit Modalverben (مجهول با افعال وجهی)	Die Wartung muss regelmäßig durchgeführt werden. « تعمیر و نگهداری باید به‌طور منظم انجام شود. »	Der Bericht konnte nicht rechtzeitig abgegeben werden. « گزارش نتوانست به‌موقع تحویل داده شود. »	40	متن مقاله ویکی‌پدیای آلمانی «Klimawandel» (متن عمومی هم‌موضوع، نه نمونه آزمون): ۲۰ دقیقه بخوانید، ۵ جمله خلاصه بنویسید و ۸ واژه یا ترکیب دشوار را استخراج کنید. 🔗 https://de.wikipedia.org/wiki/Klimawandel	20	ویدیو: «Projekt ÖSD B2: Hörverstehen T1-1 | Prüfungsvorbereitung & Lösungen» (Lernen Deutsch Prüfung). 🔗 https://www.youtube.com/watch?v=L6wl89TFx-Y	40	ویدیو: «Korrektur eines Leserbriefs (Besser Deutsch schreiben B2)» (Deutsch mit Rieke): متن خودتان را با همان معیارها اصلاح کنید. سپس درباره «Wirtschaft und Finanzen» بنویسید و ساختار گرامری امروز را به‌کار ببرید: Vorgangspassiv im Perfekt und Plusquamperfekt. 🔗 https://www.youtube.com/watch?v=LgHtgyiuv8A	25	ویدیو: «ÖSD B2 – Sprechen – Aufgabe 3 – Meinungsaustausch / Diskussion» (نوای یار). سپس خودتان درباره «Medien und Internet» صحبت کنید و ضبط کنید؛ ساختار گرامری امروز: Passiv mit Modalverben. 🔗 https://www.youtube.com/watch?v=jjTeXSmVj_Y	15	متن مقاله ویکی‌پدیای آلمانی «Treibhauseffekt»: ۱۵ واژه یا ترکیب دشوار را از آن بیرون بکشید، ‌معنی و حرف تعریف را بنویسید و هر کدام را در یک جمله خودتان به‌کار ببرید. 🔗 https://de.wikipedia.org/wiki/Treibhauseffekt	20	160	حداقل 80٪ پاسخ درست در تمرین دو مبحث گرامر؛ استفاده از هر دو ساختار در یک جمله نوشتاری یا گفتاری خودتان؛ خروجی اصلی امروز: شنیدن؛ ثبت ۱۵ واژه جدید و خطاها.	انجام نشد
10	2	فاز ۱: تثبیت پایه	2026-10-17	نوشتن	Passiv im Futur (مجهول در زمان آینده)	Das neue System wird nächsten Monat installiert werden. « سیستم جدید ماه آینده نصب خواهد شد. »	Die Ergebnisse werden morgen veröffentlicht werden. « نتایج فردا منتشر خواهند شد. »	Zustandspassiv (مجهول حالتی (نتیجه))	Das Werkstor ist ab 18 Uhr geschlossen. « دروازه کارگاه از ساعت ۱۸ بسته است. »	Die Maschine ist bereits repariert, wir können weiterarbeiten. « دستگاه از قبل تعمیر شده است، می‌توانیم به کار ادامه دهیم. »	40	همان صفحه ـ Teil 5 «Studienordnung Theaterwissenschaft» (مقررات؛ تطبیق تیتر؛ ۶ دقیقه): این نوع متن اداری را باید در آزمون هم سریع بخوانید. 🔗 https://bfu.goethe.de/b2_mod_2MX6/lesen.php	15	ویدیو: «ÖSD B2 Hörverstehen: Test 2, Aufgabe 1 mit Lösungen» (Lernen Deutsch Prüfung). 🔗 https://www.youtube.com/watch?v=MpdaniZohao	15	ویدیو: «MEINUNG ÄUSSERN / REDEMITTEL (mündliche und schriftliche Prüfung)» (Dein Sprachcoach). سپس درباره «Arbeit und Beruf» بنویسید و ساختار گرامری امروز را به‌کار ببرید: Passiv im Futur. 🔗 https://www.youtube.com/watch?v=m9N-q74a5iE	45	ویدیو: «ÖSD-Prüfung B2, Mündlich Teil 3: Meinungsaustausch» (Deutsch global). سپس خودتان درباره «Migration und Integration» صحبت کنید و ضبط کنید؛ ساختار گرامری امروز: Zustandspassiv. 🔗 https://www.youtube.com/watch?v=PJQGfpXbMVI	20	متن مقاله ویکی‌پدیای آلمانی «Bologna-Prozess»: ۱۵ واژه یا ترکیب دشوار را از آن بیرون بکشید، ‌معنی و حرف تعریف را بنویسید و هر کدام را در یک جمله خودتان به‌کار ببرید. 🔗 https://de.wikipedia.org/wiki/Bologna-Prozess	20	155	حداقل 80٪ پاسخ درست در تمرین دو مبحث گرامر؛ استفاده از هر دو ساختار در یک جمله نوشتاری یا گفتاری خودتان؛ خروجی اصلی امروز: نوشتن؛ ثبت ۱۵ واژه جدید و خطاها.	انجام نشد
11	2	فاز ۱: تثبیت پایه	2026-10-18	گفتار	Passiversatzformen: man und sich lassen (جانشین‌های مجهول: man و sich lassen)	Diese Aufgabe lässt sich leicht lösen. « این مسئله به‌راحتی حل می‌شود. »	Den Fehler kann man sofort erkennen. « خطا را می‌توان بلافاصله تشخیص داد. »	Passiversatz: sein + zu + Infinitiv (جانشین مجهول: sein + zu + مصدر)	Die Sicherheitsregeln sind unbedingt zu beachten. « قوانین ایمنی حتماً باید رعایت شوند. »	Der Fehler ist leicht zu beheben. « این خطا به‌آسانی قابل رفع است. »	40	متن مقاله ویکی‌پدیای آلمانی «Stadtplanung» (متن عمومی هم‌موضوع، نه نمونه آزمون): ۲۰ دقیقه بخوانید، ۵ جمله خلاصه بنویسید و ۸ واژه یا ترکیب دشوار را استخراج کنید. 🔗 https://de.wikipedia.org/wiki/Stadtplanung	25	ویدیو: «ÖSD B2 Modelltest 8 Aufgabe 2 Hören mit Lösungen» (Lernen Deutsch Prüfung). 🔗 https://www.youtube.com/watch?v=YJAwhjgQVHE	20	ویدیو: «Redemittel: EIGENE MEINUNG ÄUßERN / DISKUSSION (B2, C1, C2)» (Richtig Deutsch sprechen). سپس درباره «Gesundheit und Ernährung» بنویسید و ساختار گرامری امروز را به‌کار ببرید: Passiversatzformen. 🔗 https://www.youtube.com/watch?v=7gAG0tXjlzM	15	صفحه رسمی گوته B2 ـ Sprechen Teil 1 (سخنرانی ۴ دقیقه‌ای): یکی از موضوع‌ها را انتخاب کنید: «Finanzierung des Studiums»، «Gesund leben»، «Freundschaften pflegen» یا «Ernährung am Arbeitsplatz». ضبط کنید. سپس خودتان درباره «Reisen und Verkehr» صحبت کنید و ضبط کنید؛ ساختار گرامری امروز: Passiversatz. 🔗 https://bfu.goethe.de/b2_mod_2MX6/sprechen.php	40	متن مقاله ویکی‌پدیای آلمانی «Gentrifizierung»: ۱۵ واژه یا ترکیب دشوار را از آن بیرون بکشید، ‌معنی و حرف تعریف را بنویسید و هر کدام را در یک جمله خودتان به‌کار ببرید. 🔗 https://de.wikipedia.org/wiki/Gentrifizierung	20	160	حداقل 80٪ پاسخ درست در تمرین دو مبحث گرامر؛ استفاده از هر دو ساختار در یک جمله نوشتاری یا گفتاری خودتان؛ خروجی اصلی امروز: گفتار؛ ثبت ۱۵ واژه جدید و خطاها.	انجام نشد
12	2	فاز ۱: تثبیت پایه	2026-10-19	خواندن و شنیدن	Passiversatz: Adjektive auf -bar und -lich (جانشین مجهول: صفت‌های دارای -bar و -lich)	Diese Aufgabe ist lösbar, wenn man genug Zeit hat. « این مسئله حل‌شدنی است، اگر زمان کافی داشته باشید. »	Die Kosten sind vermeidbar, wenn man rechtzeitig plant. « اگر به‌موقع برنامه‌ریزی شود، هزینه‌ها قابل اجتناب‌اند. »	Unpersönliches Passiv (Passiv ohne Subjekt) (مجهول بی‌فاعل (غیرشخصی))	Hier wird nicht geraucht. « اینجا سیگار کشیده نمی‌شود. »	In der Pause wurde viel gelacht. « در زنگ تفریح زیاد خندیده شد. »	40	PDF رسمی نمونه‌آزمون گوته B2 (جوانان) ـ Lesen Teil 1: چهار نفر در انجمن درباره تعطیلاتشان می‌نویسند؛ تطبیق جمله‌ها با افراد. 🔗 https://www.goethe.de/resources/files/pdf206/b2-jugendliche-modellsatz-1.2_tahoma132.pdf	35	ویدیو: «Ösd Mittelstufe B2 Modelltest 10 Hören Teil 2 mit Lösungen» (DEUTSCH-INSTITUT). 🔗 https://www.youtube.com/watch?v=LYeBgund6SI	35	ویدیو: «Redemittel Meinung zustimmen/ablehnen, B1/B2 (Diskussion)» (SimplyDeutsch). سپس درباره «Technik und Energie» بنویسید و ساختار گرامری امروز را به‌کار ببرید: Passiversatz. 🔗 https://www.youtube.com/watch?v=Veb-oo1lJQM	20	همان صفحه ـ Teil 2 (بحث ۵ دقیقه‌ای): «Sollen Studierende ihre Professorinnen und Professoren beurteilen?» ـ موافق و مخالف را با شریک یا ضبط صدا تمرین کنید. سپس خودتان درباره «Wirtschaft und Finanzen» صحبت کنید و ضبط کنید؛ ساختار گرامری امروز: Unpersönliches Passiv (Passiv ohne Subjekt). 🔗 https://bfu.goethe.de/b2_mod_2MX6/sprechen.php	15	متن مقاله ویکی‌پدیای آلمانی «Demografischer Wandel»: ۱۵ واژه یا ترکیب دشوار را از آن بیرون بکشید، ‌معنی و حرف تعریف را بنویسید و هر کدام را در یک جمله خودتان به‌کار ببرید. 🔗 https://de.wikipedia.org/wiki/Demografischer_Wandel	20	165	حداقل 80٪ پاسخ درست در تمرین دو مبحث گرامر؛ استفاده از هر دو ساختار در یک جمله نوشتاری یا گفتاری خودتان؛ خروجی اصلی امروز: خواندن و شنیدن؛ ثبت ۱۵ واژه جدید و خطاها.	انجام نشد
13	2	فاز ۱: تثبیت پایه	2026-10-20	نوشتن و گفتار	Agens im Passiv: von und durch (عامل در مجهول: von و durch)	Das Gutachten wurde von einem unabhängigen Experten erstellt. « گزارش کارشناسی توسط یک متخصص مستقل تهیه شد. »	Der Brand wurde durch einen Kurzschluss verursacht. « آتش‌سوزی بر اثر اتصال کوتاه ایجاد شد. »	Passiv in Nebensätzen und Relativsätzen (مجهول در جمله‌های وابسته و موصولی)	Ich weiß, dass die Anlage jährlich geprüft wird. « می‌دانم که تأسیسات هر سال بازرسی می‌شود. »	Der Bericht, der gestern verschickt wurde, enthält alle Daten. « گزارشی که دیروز فرستاده شد، همه داده‌ها را دربردارد. »	40	متن مقاله ویکی‌پدیای آلمانی «Partikeltherapie» (متن عمومی هم‌موضوع، نه نمونه آزمون): ۲۰ دقیقه بخوانید، ۵ جمله خلاصه بنویسید و ۸ واژه یا ترکیب دشوار را استخراج کنید. 🔗 https://de.wikipedia.org/wiki/Partikeltherapie	15	ویدیو: «Projekt ÖSD B2 Hören ـ Modelltest 10 Aufgabe 2» (Lernen Deutsch Prüfung). 🔗 https://www.youtube.com/watch?v=e-KQ3U-EWjg	20	ویدیو: «Alle wichtigen Konnektoren | B1–B2–C1» (Einfach deutsch, easy deutsch). سپس درباره «Konsum und Werbung» بنویسید و ساختار گرامری امروز را به‌کار ببرید: Agens im Passiv. 🔗 https://www.youtube.com/watch?v=ul-cf_-bdyA	40	ویدیوی رسمی ÖSD: «ÖSD Zertifikat B2 – Mündliche Prüfung (Sprechen)»: ساختار واقعی را ببینید، بعد یک تکلیف مشابه را ضبط کنید. سپس خودتان درباره «Arbeit und Beruf» صحبت کنید و ضبط کنید؛ ساختار گرامری امروز: Passiv in Nebensätzen und Relativsätzen. (دور دوم این منبع: بدون نگاه‌کردن به پاسخ‌های دور قبل و با زمان‌سنج) 🔗 https://www.youtube.com/watch?v=nFQljN4Oeio	30	متن مقاله ویکی‌پدیای آلمانی «Strahlentherapie»: ۱۵ واژه یا ترکیب دشوار را از آن بیرون بکشید، ‌معنی و حرف تعریف را بنویسید و هر کدام را در یک جمله خودتان به‌کار ببرید. 🔗 https://de.wikipedia.org/wiki/Strahlentherapie	20	165	حداقل 80٪ پاسخ درست در تمرین دو مبحث گرامر؛ استفاده از هر دو ساختار در یک جمله نوشتاری یا گفتاری خودتان؛ خروجی اصلی امروز: نوشتن و گفتار؛ ثبت ۱۵ واژه جدید و خطاها.	انجام نشد
14	2	فاز ۱: تثبیت پایه	2026-10-21	آزمون آزمایشی	Passiv in Handlungsanweisungen (مجهول در دستورالعمل‌های کاری)	Zuerst wird die Stromzufuhr unterbrochen, danach wird das Gehäuse geöffnet. « ابتدا جریان برق قطع می‌شود، سپس بدنه باز می‌شود. »	Anschließend werden die Kontakte gereinigt und neu befestigt. « پس از آن، اتصال‌ها تمیز و دوباره محکم می‌شوند. »	Passiv mit Dativobjekt und Präpositionalobjekt (مجهول با مفعول داتیو و مفعول حرف‌اضافه‌ای)	Dem Kunden wurde ein neuer Vertrag angeboten. « به مشتری یک قرارداد جدید پیشنهاد شد. »	Über das Problem wurde lange diskutiert. « درباره این مشکل مدت طولانی بحث شد. »	20	آزمون آزمایشی 1 ـ خواندن: همه تکلیف‌ها را در ۹۰ دقیقه و بدون فرهنگ لغت حل کنید. منبع: مدل‌ست رسمی گوته B2 (بزرگسالان) ـ صفحه Lesen، هر ۵ Teil؛ ۶۵ دقیقه (در آزمون ÖSD ۹۰ دقیقه است؛ پس از پایان ۲۵ دقیقه با متن اضافی ادامه دهید). 🔗 https://bfu.goethe.de/b2_mod_2MX6/lesen.php	90	آزمون آزمایشی 1 ـ شنیدن: مطابق شرایط آزمون و هر فایل صوتی فقط یک بار (حدود ۳۰ دقیقه؛ مدت دقیق را با نمونه رسمی تطبیق دهید). منبع: همان مدل‌ست ـ صفحه Hören، هر ۴ Teil؛ حدود ۴۰ دقیقه. 🔗 https://bfu.goethe.de/b2_mod_2MX6/hoeren.php	30	آزمون آزمایشی 1 ـ نوشتن: همه تکلیف‌ها را در ۹۰ دقیقه بنویسید؛ سپس با معیارهای محتوا، ساختار، واژگان و صحت دستوری ارزیابی کنید. منبع: همان مدل‌ست ـ صفحه Schreiben؛ هر دو تکلیف؛ ۷۵ دقیقه. 🔗 https://bfu.goethe.de/b2_mod_2MX6/schreiben.php	90	آزمون آزمایشی 1 ـ گفتار: ۱۵ تا ۲۰ دقیقه با شریک یا معلم (یا ضبط صدا) و بازشنیدن ضبط. منبع: همان مدل‌ست ـ صفحه Sprechen؛ Teil 1 و Teil 2؛ با شریک یا ضبط. 🔗 https://bfu.goethe.de/b2_mod_2MX6/sprechen.php	20	مرور خطاهای آزمون: ۱۰ واژه یا عبارتی را که در آزمون ندانستید مرور کنید. منبع: فرهنگ لغت DWDS برای مرور واژه‌های دشوار آزمون 🔗 https://www.dwds.de/	10	260	آزمون آزمایشی شماره 1 را در شرایط واقعی انجام دهید، نمره هر مهارت را در برگه «آزمون‌های آزمایشی» ثبت کنید و ضعیف‌ترین مهارت را مشخص کنید.	انجام نشد
15	3	فاز ۱: تثبیت پایه	2026-10-22	خواندن	Konjunktiv II: würde + Infinitiv (وجه التزامی ۲: würde + مصدر)	An deiner Stelle würde ich den Vertrag noch einmal lesen. « به جای تو، قرارداد را یک بار دیگر می‌خواندم. »	Ich würde gern in Deutschland arbeiten, wenn ich ein Visum bekäme. « اگر ویزا می‌گرفتم، دوست داشتم در آلمان کار کنم. »	Konjunktiv II: Formen von sein, haben und starken Verben (وجه التزامی ۲: شکل‌های sein، haben و افعال قوی)	Wenn sie früher käme, wäre alles einfacher. « اگر او زودتر می‌آمد، همه‌چیز ساده‌تر بود. »	Er hätte gern ein größeres Büro. « او دوست دارد دفتر بزرگ‌تری داشته باشد. »	40	همان PDF ـ Lesen Teil 2: مقاله «آینده سینما در عصر اینترنت» با جای‌خالی؛ جمله‌های مناسب را انتخاب کنید. 🔗 https://www.goethe.de/resources/files/pdf206/b2-jugendliche-modellsatz-1.2_tahoma132.pdf	40	ویدیو: «Hören Teil 1 Modeltest 04 mit Lösungen ـ Prüfungstraining Goethe Zertifikat B2» (Der Traum ist wahr geworden). 🔗 https://www.youtube.com/watch?v=hBLjXCLRQ8U	20	ویدیو: «Wir BESCHREIBEN eine GRAFIK (Redemittel | B2 | C1)» (Dein Sprachcoach): توصیف نمودار. سپس درباره «Medien und Internet» بنویسید و ساختار گرامری امروز را به‌کار ببرید: Konjunktiv II. 🔗 https://www.youtube.com/watch?v=1UlFUBd3gyc	20	ویدیو: «Prüfungsvorbereitung B2, Thema präsentieren, Meinung äußern, Redemittel» (Deutsch global). سپس خودتان درباره «Wohnen und Stadtleben» صحبت کنید و ضبط کنید؛ ساختار گرامری امروز: Konjunktiv II. (دور دوم این منبع: بدون نگاه‌کردن به پاسخ‌های دور قبل و با زمان‌سنج) 🔗 https://www.youtube.com/watch?v=ILelVsByEPk	15	متن مقاله ویکی‌پدیای آلمانی «Energiewende»: ۱۵ واژه یا ترکیب دشوار را از آن بیرون بکشید، ‌معنی و حرف تعریف را بنویسید و هر کدام را در یک جمله خودتان به‌کار ببرید. 🔗 https://de.wikipedia.org/wiki/Energiewende	20	155	حداقل 80٪ پاسخ درست در تمرین دو مبحث گرامر؛ استفاده از هر دو ساختار در یک جمله نوشتاری یا گفتاری خودتان؛ خروجی اصلی امروز: خواندن؛ ثبت ۱۵ واژه جدید و خطاها.	انجام نشد
16	3	فاز ۱: تثبیت پایه	2026-10-23	شنیدن	Konjunktiv II der Modalverben (وجه التزامی ۲ افعال وجهی)	Könnten Sie mir bitte die Unterlagen schicken? « ممکن است لطفاً مدارک را برای من بفرستید؟ »	Du solltest mehr schlafen, sonst wirst du krank. « باید بیشتر بخوابی، وگرنه بیمار می‌شوی. »	Irreale Konditionalsätze der Gegenwart (جمله‌های شرطی غیرواقعی در زمان حال)	Wenn ich mehr verdienen würde, könnte ich eine größere Wohnung mieten. « اگر بیشتر درآمد داشتم، می‌توانستم خانه بزرگ‌تری اجاره کنم. »	Wenn es keinen Strom gäbe, würde die ganze Stadt stillstehen. « اگر برق وجود نداشت، کل شهر از کار می‌افتاد. »	40	متن مقاله ویکی‌پدیای آلمانی «Werbung» (متن عمومی هم‌موضوع، نه نمونه آزمون): ۲۰ دقیقه بخوانید، ۵ جمله خلاصه بنویسید و ۸ واژه یا ترکیب دشوار را استخراج کنید. 🔗 https://de.wikipedia.org/wiki/Werbung	20	ویدیو: «Prüfungstraining Goethe Zertifikat B2 Hören Teil 1 Modeltest 03 mit Lösungen» (Der Traum ist wahr geworden). 🔗 https://www.youtube.com/watch?v=vqq7FSc9qps	40	ویدیو: «GRAFIKBESCHREIBUNG – Deutsch lernen (B1, B2)» (Ulya Deutsch). سپس درباره «Migration und Integration» بنویسید و ساختار گرامری امروز را به‌کار ببرید: Konjunktiv II der Modalverben. 🔗 https://www.youtube.com/watch?v=y6aLuPAgE_o	25	ویدیو: «Was Prüfer bei der BILDBESCHREIBUNG erwarten: ÖSD B2» (AR German Talks): معیارهای ارزیابی را یادداشت کنید. سپس خودتان درباره «Gesellschaft und Familie» صحبت کنید و ضبط کنید؛ ساختار گرامری امروز: Irreale Konditionalsätze der Gegenwart. (دور دوم این منبع: بدون نگاه‌کردن به پاسخ‌های دور قبل و با زمان‌سنج) 🔗 https://www.youtube.com/watch?v=Xwp5L53uj3s	15	متن مقاله ویکی‌پدیای آلمانی «Konsum»: ۱۵ واژه یا ترکیب دشوار را از آن بیرون بکشید، ‌معنی و حرف تعریف را بنویسید و هر کدام را در یک جمله خودتان به‌کار ببرید. 🔗 https://de.wikipedia.org/wiki/Konsum	20	160	حداقل 80٪ پاسخ درست در تمرین دو مبحث گرامر؛ استفاده از هر دو ساختار در یک جمله نوشتاری یا گفتاری خودتان؛ خروجی اصلی امروز: شنیدن؛ ثبت ۱۵ واژه جدید و خطاها.	انجام نشد
17	3	فاز ۱: تثبیت پایه	2026-10-24	نوشتن	Konjunktiv II der Vergangenheit (وجه التزامی ۲ در گذشته)	Ich hätte früher mit dem Deutschlernen anfangen sollen. « باید زودتر یادگیری آلمانی را شروع می‌کردم. »	Er wäre gern länger in Wien geblieben. « او دوست داشت مدت بیشتری در وین بماند. »	Irreale Konditionalsätze der Vergangenheit (جمله‌های شرطی غیرواقعی در گذشته)	Wenn ich die Frist beachtet hätte, wäre die Bewerbung angenommen worden. « اگر مهلت را رعایت کرده بودم، درخواست پذیرفته می‌شد. »	Wenn wir den Fehler früher bemerkt hätten, wäre das System nicht ausgefallen. « اگر خطا را زودتر متوجه شده بودیم، سیستم از کار نمی‌افتاد. »	40	همان PDF ـ Lesen Teil 3: مقاله روزنامه درباره مسابقه شنا یک مدرسه برای پروژه‌ای در مالی؛ چندگزینه‌ای. 🔗 https://www.goethe.de/resources/files/pdf206/b2-jugendliche-modellsatz-1.2_tahoma132.pdf	15	ویدیو: «Prüfungstraining Goethe Zertifikat B2 Hören Teil 2 Modeltest 02» (Der Traum ist wahr geworden): مصاحبه/گزارش؛ دو بار. 🔗 https://www.youtube.com/watch?v=hDGtqHTTYQA	15	ویدیو: «Eine Grafik beschreiben (Redemittel)» (LevelUPSpace). سپس درباره «Reisen und Verkehr» بنویسید و ساختار گرامری امروز را به‌کار ببرید: Konjunktiv II der Vergangenheit. 🔗 https://www.youtube.com/watch?v=pSZNqd9W7GI	45	ویدیو: «ÖSD B2 – Sprechen – Aufgabe 2 – Ein Bild/Foto beschreiben und interpretieren» (نوای یار). سپس خودتان درباره «Wissenschaft und Forschung» صحبت کنید و ضبط کنید؛ ساختار گرامری امروز: Irreale Konditionalsätze der Vergangenheit. (دور دوم این منبع: بدون نگاه‌کردن به پاسخ‌های دور قبل و با زمان‌سنج) 🔗 https://www.youtube.com/watch?v=sSlVy6IXTME	20	متن مقاله ویکی‌پدیای آلمانی «Theater»: ۱۵ واژه یا ترکیب دشوار را از آن بیرون بکشید، ‌معنی و حرف تعریف را بنویسید و هر کدام را در یک جمله خودتان به‌کار ببرید. 🔗 https://de.wikipedia.org/wiki/Theater	20	155	حداقل 80٪ پاسخ درست در تمرین دو مبحث گرامر؛ استفاده از هر دو ساختار در یک جمله نوشتاری یا گفتاری خودتان؛ خروجی اصلی امروز: نوشتن؛ ثبت ۱۵ واژه جدید و خطاها.	انجام نشد
18	3	فاز ۱: تثبیت پایه	2026-10-25	گفتار	Irreale Wunschsätze (جمله‌های آرزویی غیرواقعی)	Wenn ich doch nur besser Deutsch sprechen könnte! « ای کاش بهتر می‌توانستم آلمانی صحبت کنم! »	Hätte ich nur früher mit dem Lernen begonnen! « ای کاش زودتر شروع به یادگیری کرده بودم! »	Irreale Vergleichssätze mit als ob und als wenn (جمله‌های مقایسه‌ای غیرواقعی با als ob و als wenn)	Er tut so, als ob er alles wüsste. « او طوری وانمود می‌کند که انگار همه‌چیز را می‌داند. »	Es sieht aus, als hätte es die ganze Nacht geregnet. « به نظر می‌رسد که انگار تمام شب باران باریده است. »	40	متن مقاله ویکی‌پدیای آلمانی «Nachhaltigkeit» (متن عمومی هم‌موضوع، نه نمونه آزمون): ۲۰ دقیقه بخوانید، ۵ جمله خلاصه بنویسید و ۸ واژه یا ترکیب دشوار را استخراج کنید. 🔗 https://de.wikipedia.org/wiki/Nachhaltigkeit	25	ویدیو: «Prüfungstraining Goethe Zertifikat B2 Hören Teil 4 Modeltest 02 mit Lösungen» (Der Traum ist wahr geworden): سخنرانی کوتاه. 🔗 https://www.youtube.com/watch?v=JzYzg-5Lgms	20	صفحه رسمی گوته B2 ـ Teil 1 (۵۰ دقیقه، حداقل ۱۵۰ کلمه): پست انجمن درباره بسته‌بندی پلاستیکی (نظر، دلیل، جایگزین‌ها، مزایا). سپس درباره «Wirtschaft und Finanzen» بنویسید و ساختار گرامری امروز را به‌کار ببرید: Irreale Wunschsätze. 🔗 https://bfu.goethe.de/b2_mod_2MX6/schreiben.php	15	ویدیو: «ÖSD b2 (Fotobeschreibung)» (Deutsch mit Melissa). سپس خودتان درباره «Medien und Internet» صحبت کنید و ضبط کنید؛ ساختار گرامری امروز: Irreale Vergleichssätze mit als ob und als wenn. (دور دوم این منبع: بدون نگاه‌کردن به پاسخ‌های دور قبل و با زمان‌سنج) 🔗 https://www.youtube.com/watch?v=fokI7H-Ufsc	40	متن مقاله ویکی‌پدیای آلمانی «Recycling»: ۱۵ واژه یا ترکیب دشوار را از آن بیرون بکشید، ‌معنی و حرف تعریف را بنویسید و هر کدام را در یک جمله خودتان به‌کار ببرید. 🔗 https://de.wikipedia.org/wiki/Recycling	20	160	حداقل 80٪ پاسخ درست در تمرین دو مبحث گرامر؛ استفاده از هر دو ساختار در یک جمله نوشتاری یا گفتاری خودتان؛ خروجی اصلی امروز: گفتار؛ ثبت ۱۵ واژه جدید و خطاها.	انجام نشد
19	3	فاز ۱: تثبیت پایه	2026-10-26	خواندن و شنیدن	Höfliche Bitten und Ratschläge mit Konjunktiv II (درخواست‌ها و توصیه‌های مؤدبانه با وجه التزامی ۲)	Dürfte ich Sie kurz stören? « ممکن است لحظه‌ای مزاحمتان شوم؟ »	Ich wäre Ihnen dankbar, wenn Sie mir die Unterlagen zusenden könnten. « ممنون می‌شوم اگر بتوانید مدارک را برای من بفرستید. »	Konjunktiv II für Vermutungen und vorsichtige Aussagen (وجه التزامی ۲ برای حدس و گفتار محتاطانه)	Das könnte ein Fehler im Programm sein. « این می‌تواند یک خطا در برنامه باشد. »	Es wäre möglich, dass die Leitung defekt ist. « ممکن است که کابل معیوب باشد. »	40	همان PDF ـ Lesen Teil 4: نظر جوانان درباره تحصیل و آموزش حرفه‌ای؛ تطبیق با تیتر. 🔗 https://www.goethe.de/resources/files/pdf206/b2-jugendliche-modellsatz-1.2_tahoma132.pdf	35	ویدیو: «Goethe Zertifikat B2 hören 2023 ـ MD4» (Speak German with Confidence): یک بخش کامل شنیدن. 🔗 https://www.youtube.com/watch?v=OSeAGBRFsDY	35	همان صفحه ـ Teil 2 (۲۵ دقیقه، حداقل ۱۰۰ کلمه): پیام به سرپرست (Herr Ebert) درباره حجم زیاد کار در دوره کارآموزی. سپس درباره «Arbeit und Beruf» بنویسید و ساختار گرامری امروز را به‌کار ببرید: Höfliche Bitten und Ratschläge mit Konjunktiv II. 🔗 https://bfu.goethe.de/b2_mod_2MX6/schreiben.php	20	ویدیو: «Mündlich B2 ÖSD ـ Bild beschreiben» (Deutsch B2,C1): مدل توصیف تصویر. سپس خودتان درباره «Migration und Integration» صحبت کنید و ضبط کنید؛ ساختار گرامری امروز: Konjunktiv II für Vermutungen und vorsichtige Aussagen. (دور دوم این منبع: بدون نگاه‌کردن به پاسخ‌های دور قبل و با زمان‌سنج) 🔗 https://www.youtube.com/watch?v=GFsneyjtKjA	15	متن مقاله ویکی‌پدیای آلمانی «Stipendium»: ۱۵ واژه یا ترکیب دشوار را از آن بیرون بکشید، ‌معنی و حرف تعریف را بنویسید و هر کدام را در یک جمله خودتان به‌کار ببرید. 🔗 https://de.wikipedia.org/wiki/Stipendium	20	165	حداقل 80٪ پاسخ درست در تمرین دو مبحث گرامر؛ استفاده از هر دو ساختار در یک جمله نوشتاری یا گفتاری خودتان؛ خروجی اصلی امروز: خواندن و شنیدن؛ ثبت ۱۵ واژه جدید و خطاها.	انجام نشد
20	3	فاز ۱: تثبیت پایه	2026-10-27	نوشتن و گفتار	Konditionalsätze ohne wenn (Inversion) (جمله‌های شرطی بدون wenn (جابه‌جایی فعل))	Hätte ich mehr Zeit, würde ich öfter ins Fitnessstudio gehen. « اگر زمان بیشتری داشتم، بیشتر به باشگاه می‌رفتم. »	Wäre die Kreuzung nicht gesperrt gewesen, wären wir pünktlich angekommen. « اگر چهارراه بسته نشده بود، به‌موقع رسیده بودیم. »	Konditionalsätze mit falls, sofern und vorausgesetzt (جمله‌های شرطی با falls، sofern و vorausgesetzt)	Falls Sie Fragen haben, rufen Sie mich bitte an. « اگر پرسشی دارید، لطفاً با من تماس بگیرید. »	Sofern keine Einwände vorliegen, beginnen wir morgen mit dem Umbau. « مشروط بر اینکه اعتراضی نباشد، فردا بازسازی را آغاز می‌کنیم. »	40	متن مقاله ویکی‌پدیای آلمانی «Smart City» (متن عمومی هم‌موضوع، نه نمونه آزمون): ۲۰ دقیقه بخوانید، ۵ جمله خلاصه بنویسید و ۸ واژه یا ترکیب دشوار را استخراج کنید. 🔗 https://de.wikipedia.org/wiki/Smart_City	15	ویدیو: «Goethe Zertifikat B2 Hören Modellsatz Jugendliche» (Grenzenlosci): بخش شنیدن کامل. 🔗 https://www.youtube.com/watch?v=Kyf_3zXSwIE	20	ویدیو: «Wie schreibe ich einen Leserbrief? ـ Aufbau, Gliederung & Inhalt» (Die Merkhilfe): ساختار را یادداشت کنید، سپس متن نظرتان را بنویسید. سپس درباره «Gesundheit und Ernährung» بنویسید و ساختار گرامری امروز را به‌کار ببرید: Konditionalsätze ohne wenn (Inversion). (دور دوم این منبع: بدون نگاه‌کردن به پاسخ‌های دور قبل و با زمان‌سنج) 🔗 https://www.youtube.com/watch?v=jrZ1A_BLZZA	40	ویدیو: «Deutsch lernen: Bildbeschreibung (Mündliche Prüfung) A1–B2» (SimplyDeutsch). سپس خودتان درباره «Reisen und Verkehr» صحبت کنید و ضبط کنید؛ ساختار گرامری امروز: Konditionalsätze mit falls, sofern und vorausgesetzt. (دور دوم این منبع: بدون نگاه‌کردن به پاسخ‌های دور قبل و با زمان‌سنج) 🔗 https://www.youtube.com/watch?v=krJml8rJr8M	30	متن مقاله ویکی‌پدیای آلمانی «Wohnungsmarkt»: ۱۵ واژه یا ترکیب دشوار را از آن بیرون بکشید، ‌معنی و حرف تعریف را بنویسید و هر کدام را در یک جمله خودتان به‌کار ببرید. 🔗 https://de.wikipedia.org/wiki/Wohnungsmarkt	20	165	حداقل 80٪ پاسخ درست در تمرین دو مبحث گرامر؛ استفاده از هر دو ساختار در یک جمله نوشتاری یا گفتاری خودتان؛ خروجی اصلی امروز: نوشتن و گفتار؛ ثبت ۱۵ واژه جدید و خطاها.	انجام نشد
21	3	فاز ۱: تثبیت پایه	2026-10-28	مرور هفته و آزمون	Konjunktiv II der Vergangenheit mit Modalverben (وجه التزامی ۲ گذشته با افعال وجهی)	Du hättest mich früher informieren müssen. « باید زودتر به من اطلاع می‌دادی. »	Wir hätten die Prüfung bestehen können, wenn wir besser vorbereitet gewesen wären. « اگر بهتر آماده شده بودیم، می‌توانستیم امتحان را بگذرانیم. »	Irreale Folgesätze: zu ..., als dass (جمله‌های نتیجه‌ای غیرواقعی: zu ... als dass)	Das Problem ist zu komplex, als dass man es an einem Tag lösen könnte. « مسئله آن‌قدر پیچیده است که نمی‌توان آن را در یک روز حل کرد. »	Der Raum ist zu klein, als dass alle Teilnehmer Platz hätten. « اتاق آن‌قدر کوچک است که همه شرکت‌کنندگان جا نمی‌شوند. »	40	مرور خطاهای خواندن این هفته: هر تکلیف اشتباه را دوباره بخوانید و علت خطا را بنویسید. (مرور هفته 3) منبع: صفحه رسمی دانلودهای ÖSD: یکی از مدل‌ست‌ها را انتخاب کنید و خطاهای این هفته را دوباره حل کنید. 🔗 https://www.osd.at/downloads/	30	مرور خطاهای شنیداری: بخش‌هایی را که اشتباه شنیده‌اید دوباره گوش دهید و با متن تطبیق دهید. (مرور هفته 3) منبع: صفحه رسمی گوته ـ هر Teil شنیداری را که این هفته ضعیف بوده دوباره گوش دهید. 🔗 https://bfu.goethe.de/b2_mod_2MX6/hoeren.php	30	یکی از نوشته‌های هفته را بازنویسی کنید و فهرست خطاهای تکراری خود را به‌روز کنید. (مرور هفته 3) منبع: LanguageTool: یکی از نوشته‌های این هفته را بررسی کنید و خطاهای تکراری را فهرست کنید. 🔗 https://languagetool.org/de	30	ضبط یک تک‌گویی ۳ دقیقه‌ای درباره موضوعی از همین هفته؛ بازشنیدن و یادداشت ۳ نقطه ضعف. (مرور هفته 3) منبع: ویدیوی رسمی ÖSD درباره Sprechen: بازبینی معیارها و ضبط یک تک‌گویی ۳ دقیقه‌ای. 🔗 https://www.youtube.com/watch?v=nFQljN4Oeio	20	مرور همه واژه‌های دشوار هفته با کارت‌های مرور و جمله‌سازی شفاهی. (مرور هفته 3) منبع: فرهنگ لغت DWDS 🔗 https://www.dwds.de/	20	170	همه خطاهای هفته را در دفتر خطا مرور کنید؛ هر خطا را دوباره درست بنویسید و ۱۰ جمله جدید با گرامرهای هفته بسازید.	انجام نشد
22	4	فاز ۲: مهارت‌سازی آزمونی	2026-10-29	خواندن	Konjunktiv I: Formen (وجه التزامی ۱: شکل‌ها)	Der Chef sagt, er sei den ganzen Tag unterwegs. « رئیس می‌گوید که تمام روز در رفت‌وآمد است. »	Die Zeitung berichtet, der Minister habe den Plan abgelehnt. « روزنامه گزارش می‌دهد که وزیر طرح را رد کرده است. »	Indirekte Rede: Aussagen (گفتار غیرمستقیم: جمله‌های خبری)	Der Ingenieur erklärte, die Anlage laufe stabil. « مهندس توضیح داد که دستگاه پایدار کار می‌کند. »	Sie sagte, sie arbeite seit drei Jahren in diesem Bereich. « او گفت که سه سال است در این حوزه کار می‌کند. »	40	همان PDF ـ Lesen Teil 5: آیین‌نامه یک مدرسه (Schulordnung)؛ تطبیق تیتر با بندها. 🔗 https://www.goethe.de/resources/files/pdf206/b2-jugendliche-modellsatz-1.2_tahoma132.pdf	40	ویدیو: «Hören B2 ـ Deutsch allgemein ـ Übungstest mit Lösungen & Transkript» (Lernen Deutsch mit mir، قالب telc): همراه ترنسکریپت. 🔗 https://www.youtube.com/watch?v=f_oGvvVQ0gw	20	ویدیو: «Redemittel: Die eigene Meinung ausdrücken» (DeutschLera): ۱۰ عبارت را بنویسید و در متن خودتان استفاده کنید. سپس درباره «Gesellschaft und Familie» بنویسید و ساختار گرامری امروز را به‌کار ببرید: Konjunktiv I. (دور دوم این منبع: بدون نگاه‌کردن به پاسخ‌های دور قبل و با زمان‌سنج) 🔗 https://www.youtube.com/watch?v=Tj9P_HXTBtM	20	ویدیو: «ÖSD B2 – Sprechen – Aufgabe 3 – Meinungsaustausch / Diskussion» (نوای یار). سپس خودتان درباره «Umwelt und Klima» صحبت کنید و ضبط کنید؛ ساختار گرامری امروز: Indirekte Rede. (دور دوم این منبع: بدون نگاه‌کردن به پاسخ‌های دور قبل و با زمان‌سنج) 🔗 https://www.youtube.com/watch?v=jjTeXSmVj_Y	15	متن مقاله ویکی‌پدیای آلمانی «Fachkräftemangel»: ۱۵ واژه یا ترکیب دشوار را از آن بیرون بکشید، ‌معنی و حرف تعریف را بنویسید و هر کدام را در یک جمله خودتان به‌کار ببرید. 🔗 https://de.wikipedia.org/wiki/Fachkr%C3%A4ftemangel	20	155	حداقل 88٪ پاسخ درست در تمرین دو مبحث گرامر؛ استفاده از هر دو ساختار در یک جمله نوشتاری یا گفتاری خودتان؛ خروجی اصلی امروز: خواندن؛ ثبت ۱۵ واژه جدید و خطاها.	انجام نشد
23	4	فاز ۲: مهارت‌سازی آزمونی	2026-10-30	شنیدن	Indirekte Rede: Fragen (گفتار غیرمستقیم: جمله‌های پرسشی)	Er fragte, ob ich morgen Zeit habe. « او پرسید که آیا فردا وقت دارم. »	Sie wollte wissen, wann der Zug ankomme. « او می‌خواست بداند قطار چه موقع می‌رسد. »	Indirekte Rede: Aufforderungen und Bitten (گفتار غیرمستقیم: دستورها و درخواست‌ها)	Der Arzt sagte, ich solle mehr Wasser trinken. « پزشک گفت که باید آب بیشتری بنوشم. »	Die Chefin bat ihn, er möge den Bericht bis Freitag schicken. « رئیس از او خواست که گزارش را تا جمعه بفرستد. »	40	متن مقاله ویکی‌پدیای آلمانی «Krankenversicherung» (متن عمومی هم‌موضوع، نه نمونه آزمون): ۲۰ دقیقه بخوانید، ۵ جمله خلاصه بنویسید و ۸ واژه یا ترکیب دشوار را استخراج کنید. 🔗 https://de.wikipedia.org/wiki/Krankenversicherung	20	ویدیو: «DEUTSCH (lern) VIDEO PODCAST #2 ـ Interview mit Konstanze» (SimplyDeutsch): گفت‌وگوی واقعی؛ بدون زیرنویس بشنوید و خلاصه بنویسید. 🔗 https://www.youtube.com/watch?v=adXhZgdhEAY	40	ویدیو: «Sofort besser schreiben mit diesen Konnektoren! (b2, c1)» (DeutschLera): حداقل ۶ حرف ربط را در متنتان به‌کار ببرید. سپس درباره «Wissenschaft und Forschung» بنویسید و ساختار گرامری امروز را به‌کار ببرید: Indirekte Rede. (دور دوم این منبع: بدون نگاه‌کردن به پاسخ‌های دور قبل و با زمان‌سنج) 🔗 https://www.youtube.com/watch?v=oBqzMHsZfPA	25	ویدیو: «ÖSD-Prüfung B2, Mündlich Teil 3: Meinungsaustausch» (Deutsch global). سپس خودتان درباره «Bildung und Studium» صحبت کنید و ضبط کنید؛ ساختار گرامری امروز: Indirekte Rede. (دور دوم این منبع: بدون نگاه‌کردن به پاسخ‌های دور قبل و با زمان‌سنج) 🔗 https://www.youtube.com/watch?v=PJQGfpXbMVI	15	متن مقاله ویکی‌پدیای آلمانی «Impfung»: ۱۵ واژه یا ترکیب دشوار را از آن بیرون بکشید، ‌معنی و حرف تعریف را بنویسید و هر کدام را در یک جمله خودتان به‌کار ببرید. 🔗 https://de.wikipedia.org/wiki/Impfung	20	160	حداقل 88٪ پاسخ درست در تمرین دو مبحث گرامر؛ استفاده از هر دو ساختار در یک جمله نوشتاری یا گفتاری خودتان؛ خروجی اصلی امروز: شنیدن؛ ثبت ۱۵ واژه جدید و خطاها.	انجام نشد
24	4	فاز ۲: مهارت‌سازی آزمونی	2026-10-31	نوشتن	Indirekte Rede in der Vergangenheit (گفتار غیرمستقیم در گذشته)	Er sagte, er sei gestern in Berlin gewesen. « او گفت که دیروز در برلین بوده است. »	Sie behauptete, sie habe die E-Mail nie erhalten. « او ادعا کرد که هرگز ایمیل را دریافت نکرده است. »	Ersatzformen: Konjunktiv II statt Konjunktiv I (شکل‌های جایگزین: وجه التزامی ۲ به جای ۱)	Die Kollegen sagten, sie hätten keine Zeit. « همکاران گفتند که وقت ندارند. »	Er erzählte, sie kämen morgen zu Besuch. « او تعریف کرد که آن‌ها فردا برای دیدار می‌آیند. »	40	PDF نمونه‌آزمون انتشارات Klett (Probeauszug، صفحه‌های ۴ تا ۱۲، ۴ تکلیف خواندن، ۸۰ دقیقه، همراه پاسخ): فقط یک تکلیف را در زمان تعیین‌شده حل کنید. 🔗 https://www.klett-sprachen.de/downloads/19048/Probeauszug_5FGoethe_2DZertifikat_5FB2/pdf	15	صفحه رسمی گوته B2 ـ Teil 1: پنج گفت‌وگو و جمله کوتاه (ادبیات، پرداخت نقدی، کارآموزی، پلاک دوچرخه، موضوع سمینار)؛ هر متن فقط یک بار؛ ۱۰ تکلیف. (دور دوم این منبع: بدون نگاه‌کردن به پاسخ‌های دور قبل و با زمان‌سنج) 🔗 https://bfu.goethe.de/b2_mod_2MX6/hoeren.php	15	ویدیو: «Deutsch lernen: B2 Beschwerdebrief schreiben» (SimplyDeutsch): نامه شکایت را طبق همین الگو بنویسید. سپس درباره «Medien und Internet» بنویسید و ساختار گرامری امروز را به‌کار ببرید: Indirekte Rede in der Vergangenheit. (دور دوم این منبع: بدون نگاه‌کردن به پاسخ‌های دور قبل و با زمان‌سنج) 🔗 https://www.youtube.com/watch?v=fJi5dHkeOs8	45	صفحه رسمی گوته B2 ـ Sprechen Teil 1 (سخنرانی ۴ دقیقه‌ای): یکی از موضوع‌ها را انتخاب کنید: «Finanzierung des Studiums»، «Gesund leben»، «Freundschaften pflegen» یا «Ernährung am Arbeitsplatz». ضبط کنید. سپس خودتان درباره «Wohnen und Stadtleben» صحبت کنید و ضبط کنید؛ ساختار گرامری امروز: Ersatzformen. (دور دوم این منبع: بدون نگاه‌کردن به پاسخ‌های دور قبل و با زمان‌سنج) 🔗 https://bfu.goethe.de/b2_mod_2MX6/sprechen.php	20	متن مقاله ویکی‌پدیای آلمانی «Photovoltaik»: ۱۵ واژه یا ترکیب دشوار را از آن بیرون بکشید، ‌معنی و حرف تعریف را بنویسید و هر کدام را در یک جمله خودتان به‌کار ببرید. 🔗 https://de.wikipedia.org/wiki/Photovoltaik	20	155	حداقل 88٪ پاسخ درست در تمرین دو مبحث گرامر؛ استفاده از هر دو ساختار در یک جمله نوشتاری یا گفتاری خودتان؛ خروجی اصلی امروز: نوشتن؛ ثبت ۱۵ واژه جدید و خطاها.	انجام نشد
25	4	فاز ۲: مهارت‌سازی آزمونی	2026-11-01	گفتار	Redewiedergabe mit Verben und Wendungen (نقل‌قول با فعل‌ها و عبارت‌های گزارشی)	Der Experte betont, dass die Sicherheit Vorrang habe. « متخصص تأکید می‌کند که ایمنی اولویت دارد. »	Laut dem Bericht soll das Projekt teurer werden. « طبق گزارش، پروژه گران‌تر خواهد شد. »	Nebensatz mit dass (جمله وابسته با dass)	Ich glaube, dass die Prüfung schwierig ist. « فکر می‌کنم امتحان سخت است. »	Es ist wichtig, dass alle Unterlagen vollständig sind. « مهم است که همه مدارک کامل باشند. »	40	متن مقاله ویکی‌پدیای آلمانی «Verbraucherschutz» (متن عمومی هم‌موضوع، نه نمونه آزمون): ۲۰ دقیقه بخوانید، ۵ جمله خلاصه بنویسید و ۸ واژه یا ترکیب دشوار را استخراج کنید. 🔗 https://de.wikipedia.org/wiki/Verbraucherschutz	25	همان صفحه ـ Teil 2: مصاحبه رادیویی با یک دانشمند درباره تغذیه و کشاورزی (مصرف گوشت، حشرات، کشاورزی شهری)؛ دو بار؛ پرسش ۱۱ تا ۱۶. (دور دوم این منبع: بدون نگاه‌کردن به پاسخ‌های دور قبل و با زمان‌سنج) 🔗 https://bfu.goethe.de/b2_mod_2MX6/hoeren.php	20	ویدیو: «ÖSD Zertifikat B2 | Schreiben 1 | Beschwerde | Jobbörse vermittelt Praktikum» (Deutsch mit Christiane): نمونه واقعی ÖSD؛ ابتدا خودتان بنویسید، سپس ویدیو را ببینید. سپس درباره «Migration und Integration» بنویسید و ساختار گرامری امروز را به‌کار ببرید: Redewiedergabe mit Verben und Wendungen. (دور دوم این منبع: بدون نگاه‌کردن به پاسخ‌های دور قبل و با زمان‌سنج) 🔗 https://www.youtube.com/watch?v=CFo_Njg5qtk	15	همان صفحه ـ Teil 2 (بحث ۵ دقیقه‌ای): «Sollen Studierende ihre Professorinnen und Professoren beurteilen?» ـ موافق و مخالف را با شریک یا ضبط صدا تمرین کنید. سپس خودتان درباره «Gesellschaft und Familie» صحبت کنید و ضبط کنید؛ ساختار گرامری امروز: Nebensatz mit dass. (دور دوم این منبع: بدون نگاه‌کردن به پاسخ‌های دور قبل و با زمان‌سنج) 🔗 https://bfu.goethe.de/b2_mod_2MX6/sprechen.php	40	متن مقاله ویکی‌پدیای آلمانی «Elektronischer Handel»: ۱۵ واژه یا ترکیب دشوار را از آن بیرون بکشید، ‌معنی و حرف تعریف را بنویسید و هر کدام را در یک جمله خودتان به‌کار ببرید. 🔗 https://de.wikipedia.org/wiki/Elektronischer_Handel	20	160	حداقل 88٪ پاسخ درست در تمرین دو مبحث گرامر؛ استفاده از هر دو ساختار در یک جمله نوشتاری یا گفتاری خودتان؛ خروجی اصلی امروز: گفتار؛ ثبت ۱۵ واژه جدید و خطاها.	انجام نشد
26	4	فاز ۲: مهارت‌سازی آزمونی	2026-11-02	خواندن و شنیدن	Indirekte Fragesätze mit ob und W-Fragewort (جمله‌های پرسشی غیرمستقیم با ob و واژه‌های پرسشی)	Ich möchte wissen, ob die Stelle noch frei ist. « می‌خواهم بدانم این موقعیت شغلی هنوز خالی است یا نه. »	Können Sie mir sagen, wo das Büro ist? « می‌توانید به من بگویید دفتر کجاست؟ »	Stellung von Haupt- und Nebensatz (جایگاه جمله پایه و جمله وابسته)	Weil der Strom ausgefallen war, konnten wir nicht arbeiten. « چون برق قطع شده بود، نتوانستیم کار کنیم. »	Wenn du Zeit hast, ruf mich bitte an. « اگر وقت داشتی، لطفاً به من زنگ بزن. »	40	ویدیو: «ÖSD-Prüfung Mittelstufe B2 ـ Leseverstehen Modelltest 1 mit Lösungen» (World Idioms): ابتدا خودتان متن را روی صفحه بخوانید و ویدیو را نگه دارید، بعد با راه‌حل مقایسه کنید. 🔗 https://www.youtube.com/watch?v=B0XwzqHOQaU	35	همان صفحه ـ Teil 3: گفت‌وگوی رادیویی درباره شیوه‌های زندگی جایگزین (WG، خانه سالمندان)؛ یک بار؛ تطبیق گوینده و جمله. (دور دوم این منبع: بدون نگاه‌کردن به پاسخ‌های دور قبل و با زمان‌سنج) 🔗 https://bfu.goethe.de/b2_mod_2MX6/hoeren.php	35	ویدیو: «ÖSD Zertifikat B2 | Schreiben 1 | Beschwerde über Fahrradverleih» (Deutsch mit Christiane): نمونه واقعی ÖSD. سپس درباره «Reisen und Verkehr» بنویسید و ساختار گرامری امروز را به‌کار ببرید: Indirekte Fragesätze mit ob und W-Fragewort. (دور دوم این منبع: بدون نگاه‌کردن به پاسخ‌های دور قبل و با زمان‌سنج) 🔗 https://www.youtube.com/watch?v=jPxFBXCdm_Y	20	ویدیوی رسمی ÖSD: «ÖSD Zertifikat B2 – Mündliche Prüfung (Sprechen)»: ساختار واقعی را ببینید، بعد یک تکلیف مشابه را ضبط کنید. سپس خودتان درباره «Wissenschaft und Forschung» صحبت کنید و ضبط کنید؛ ساختار گرامری امروز: Stellung von Haupt- und Nebensatz. (دور سوم: فقط بخش‌هایی را که قبلاً اشتباه کرده‌اید دوباره انجام دهید) 🔗 https://www.youtube.com/watch?v=nFQljN4Oeio	15	متن مقاله ویکی‌پدیای آلمانی «Literatur»: ۱۵ واژه یا ترکیب دشوار را از آن بیرون بکشید، ‌معنی و حرف تعریف را بنویسید و هر کدام را در یک جمله خودتان به‌کار ببرید. 🔗 https://de.wikipedia.org/wiki/Literatur	20	165	حداقل 88٪ پاسخ درست در تمرین دو مبحث گرامر؛ استفاده از هر دو ساختار در یک جمله نوشتاری یا گفتاری خودتان؛ خروجی اصلی امروز: خواندن و شنیدن؛ ثبت ۱۵ واژه جدید و خطاها.	انجام نشد
27	4	فاز ۲: مهارت‌سازی آزمونی	2026-11-03	نوشتن و گفتار	Infinitiv mit zu (مصدر با zu)	Ich habe vergessen, die E-Mail zu senden. « فراموش کردم ایمیل را بفرستم. »	Es ist nicht leicht, eine Wohnung in München zu finden. « پیدا کردن خانه در مونیخ آسان نیست. »	Finalsätze: um ... zu und damit (جمله‌های هدفی: um ... zu و damit)	Ich lerne jeden Tag, um die Prüfung zu bestehen. « هر روز درس می‌خوانم تا امتحان را بگذرانم. »	Er schickt die Unterlagen früher, damit die Behörde sie rechtzeitig prüfen kann. « او مدارک را زودتر می‌فرستد تا اداره بتواند به‌موقع آن‌ها را بررسی کند. »	40	متن مقاله ویکی‌پدیای آلمانی «Biodiversität» (متن عمومی هم‌موضوع، نه نمونه آزمون): ۲۰ دقیقه بخوانید، ۵ جمله خلاصه بنویسید و ۸ واژه یا ترکیب دشوار را استخراج کنید. 🔗 https://de.wikipedia.org/wiki/Biodiversit%C3%A4t	15	همان صفحه ـ Teil 4: سخنرانی کوتاه «Bessere Arbeitstechniken» (تمرکز، استراحت، فشار زمان)؛ دو بار؛ ۸ تکلیف. (دور دوم این منبع: بدون نگاه‌کردن به پاسخ‌های دور قبل و با زمان‌سنج) 🔗 https://bfu.goethe.de/b2_mod_2MX6/hoeren.php	20	ویدیو: «ÖSD B2 Schreiben: Formelle E-Mail & Meinung schreiben | 10 Modelltests erklärt» (Lernen Deutsch Prüfung). سپس درباره «Wirtschaft und Finanzen» بنویسید و ساختار گرامری امروز را به‌کار ببرید: Infinitiv mit zu. (دور دوم این منبع: بدون نگاه‌کردن به پاسخ‌های دور قبل و با زمان‌سنج) 🔗 https://www.youtube.com/watch?v=DjTHZa4pb2c	40	ویدیو: «Prüfungsvorbereitung B2, Thema präsentieren, Meinung äußern, Redemittel» (Deutsch global). سپس خودتان درباره «Medien und Internet» صحبت کنید و ضبط کنید؛ ساختار گرامری امروز: Finalsätze. (دور سوم: فقط بخش‌هایی را که قبلاً اشتباه کرده‌اید دوباره انجام دهید) 🔗 https://www.youtube.com/watch?v=ILelVsByEPk	30	متن مقاله ویکی‌پدیای آلمانی «Klimawandel»: ۱۵ واژه یا ترکیب دشوار را از آن بیرون بکشید، ‌معنی و حرف تعریف را بنویسید و هر کدام را در یک جمله خودتان به‌کار ببرید. 🔗 https://de.wikipedia.org/wiki/Klimawandel	20	165	حداقل 88٪ پاسخ درست در تمرین دو مبحث گرامر؛ استفاده از هر دو ساختار در یک جمله نوشتاری یا گفتاری خودتان؛ خروجی اصلی امروز: نوشتن و گفتار؛ ثبت ۱۵ واژه جدید و خطاها.	انجام نشد
28	4	فاز ۲: مهارت‌سازی آزمونی	2026-11-04	آزمون آزمایشی	(An)statt ... zu und ohne ... zu ((An)statt ... zu و ohne ... zu)	Statt zu klagen, sollten wir eine Lösung suchen. « به جای شکایت کردن، باید دنبال راه‌حل بگردیم. »	Er verließ das Büro, ohne sich zu verabschieden. « او بدون خداحافظی دفتر را ترک کرد. »	Infinitiv mit zu nach Adjektiven und Nomen (مصدر با zu بعد از صفت و اسم)	Ich bin bereit, ins Ausland zu ziehen. « من آماده‌ام به خارج از کشور نقل‌مکان کنم. »	Er hat keine Lust, noch länger zu warten. « او حوصله ندارد بیشتر از این منتظر بماند. »	20	آزمون آزمایشی 2 ـ خواندن: همه تکلیف‌ها را در ۹۰ دقیقه و بدون فرهنگ لغت حل کنید. منبع: مدل‌ست رسمی «Modellsatz ÖSD Zertifikat B2» (فایل ZIP حجیم؛ پس از دانلود، بخش Lesen را در ۹۰ دقیقه حل کنید). 🔗 https://osd.at/wp-content/uploads/2026/08/ZB2-Modellsatz.zip	90	آزمون آزمایشی 2 ـ شنیدن: مطابق شرایط آزمون و هر فایل صوتی فقط یک بار (حدود ۳۰ دقیقه؛ مدت دقیق را با نمونه رسمی تطبیق دهید). منبع: همان ZIP ـ فایل صوتی و برگه Hören را طبق شرایط آزمون اجرا کنید. 🔗 https://osd.at/wp-content/uploads/2026/08/ZB2-Modellsatz.zip	30	آزمون آزمایشی 2 ـ نوشتن: همه تکلیف‌ها را در ۹۰ دقیقه بنویسید؛ سپس با معیارهای محتوا، ساختار، واژگان و صحت دستوری ارزیابی کنید. منبع: همان ZIP ـ تکلیف‌های Schreiben را در ۹۰ دقیقه بنویسید. 🔗 https://osd.at/wp-content/uploads/2026/08/ZB2-Modellsatz.zip	90	آزمون آزمایشی 2 ـ گفتار: ۱۵ تا ۲۰ دقیقه با شریک یا معلم (یا ضبط صدا) و بازشنیدن ضبط. منبع: ویدیوی رسمی ÖSD درباره Sprechen را ببینید، سپس تکلیف‌های همان ZIP را با شریک یا ضبط اجرا کنید. 🔗 https://www.youtube.com/watch?v=nFQljN4Oeio	20	مرور خطاهای آزمون: ۱۰ واژه یا عبارتی را که در آزمون ندانستید مرور کنید. منبع: فرهنگ لغت DWDS برای مرور واژه‌های دشوار آزمون 🔗 https://www.dwds.de/	10	260	آزمون آزمایشی شماره 2 را در شرایط واقعی انجام دهید، نمره هر مهارت را در برگه «آزمون‌های آزمایشی» ثبت کنید و ضعیف‌ترین مهارت را مشخص کنید.	انجام نشد
29	5	فاز ۲: مهارت‌سازی آزمونی	2026-11-05	خواندن	Kausale Konnektoren: weil, da, denn (حروف ربط علّی: weil، da، denn)	Ich bleibe zu Hause, weil ich erkältet bin. « من در خانه می‌مانم، چون سرما خورده‌ام. »	Da die Maschine defekt ist, müssen wir die Produktion stoppen. « از آنجا که دستگاه معیوب است، باید تولید را متوقف کنیم. »	Kausale Adverbien: deshalb, darum, deswegen (قیدهای علّی: deshalb، darum، deswegen)	Die Leitung ist beschädigt, deshalb ist der Strom ausgefallen. « کابل آسیب دیده است، به همین دلیل برق قطع شد. »	Ich habe keine Erfahrung in diesem Bereich, darum bewerbe ich mich nicht. « در این حوزه تجربه ندارم، برای همین درخواست نمی‌دهم. »	40	ویدیو: «Leseverstehen B2 ـ Modelltest 2 Teil 3 mit Lösungen» (World Idioms): تکلیف را پیش از دیدن پاسخ حل کنید. 🔗 https://www.youtube.com/watch?v=Dhh6YRsb7oM	40	فایل صوتی رسمی گوته B2 (جوانان) Prüfungstraining 1 Hören (MP3): به‌همراه PDF همان نمونه‌آزمون حل کنید. (دور دوم این منبع: بدون نگاه‌کردن به پاسخ‌های دور قبل و با زمان‌سنج) 🔗 https://goethemp4s.akamaized.net/resources/files/mp310/pruefungstraining_1_hoeren_b2_jugendliche.mp3	20	ویدیو: «Korrektur eines Leserbriefs (Besser Deutsch schreiben B2)» (Deutsch mit Rieke): متن خودتان را با همان معیارها اصلاح کنید. سپس درباره «Bildung und Studium» بنویسید و ساختار گرامری امروز را به‌کار ببرید: Kausale Konnektoren. (دور دوم این منبع: بدون نگاه‌کردن به پاسخ‌های دور قبل و با زمان‌سنج) 🔗 https://www.youtube.com/watch?v=LgHtgyiuv8A	20	ویدیو: «Was Prüfer bei der BILDBESCHREIBUNG erwarten: ÖSD B2» (AR German Talks): معیارهای ارزیابی را یادداشت کنید. سپس خودتان درباره «Konsum und Werbung» صحبت کنید و ضبط کنید؛ ساختار گرامری امروز: Kausale Adverbien. (دور سوم: فقط بخش‌هایی را که قبلاً اشتباه کرده‌اید دوباره انجام دهید) 🔗 https://www.youtube.com/watch?v=Xwp5L53uj3s	15	متن مقاله ویکی‌پدیای آلمانی «Öffentlicher Personennahverkehr»: ۱۵ واژه یا ترکیب دشوار را از آن بیرون بکشید، ‌معنی و حرف تعریف را بنویسید و هر کدام را در یک جمله خودتان به‌کار ببرید. 🔗 https://de.wikipedia.org/wiki/%C3%96ffentlicher_Personennahverkehr	20	155	حداقل 88٪ پاسخ درست در تمرین دو مبحث گرامر؛ استفاده از هر دو ساختار در یک جمله نوشتاری یا گفتاری خودتان؛ خروجی اصلی امروز: خواندن؛ ثبت ۱۵ واژه جدید و خطاها.	انجام نشد
30	5	فاز ۲: مهارت‌سازی آزمونی	2026-11-06	شنیدن	Konzessive Sätze: obwohl und obgleich (جمله‌های تقابلی: obwohl و obgleich)	Obwohl es stark regnete, gingen wir spazieren. « با اینکه شدید باران می‌بارید، برای پیاده‌روی رفتیم. »	Er arbeitet weiter, obwohl er Fieber hat. « او با اینکه تب دارد، به کار ادامه می‌دهد. »	Konzessive Verbindungen: zwar ... aber, dennoch, selbst wenn (پیوندهای تقابلی: zwar ... aber، dennoch، selbst wenn)	Die Wohnung ist zwar teuer, aber sie liegt sehr zentral. « آپارتمان درست است که گران است، اما در مرکز شهر قرار دارد. »	Selbst wenn der Test schwer wäre, würde ich nicht aufgeben. « حتی اگر آزمون سخت باشد، تسلیم نمی‌شوم. »	40	متن مقاله ویکی‌پدیای آلمانی «Inflation» (متن عمومی هم‌موضوع، نه نمونه آزمون): ۲۰ دقیقه بخوانید، ۵ جمله خلاصه بنویسید و ۸ واژه یا ترکیب دشوار را استخراج کنید. 🔗 https://de.wikipedia.org/wiki/Inflation	20	فایل رسمی گوته B2 (بزرگسالان) Modellsatz Hören/Rahmen (MP4): فایل را همراه PDF نمونه‌آزمون پخش کنید. (دور دوم این منبع: بدون نگاه‌کردن به پاسخ‌های دور قبل و با زمان‌سنج) 🔗 https://goethemp4s.akamaized.net/resources/files/mp477/b2_modellsatz_rahmen_erwachsene.mp4	40	ویدیو: «MEINUNG ÄUSSERN / REDEMITTEL (mündliche und schriftliche Prüfung)» (Dein Sprachcoach). سپس درباره «Wohnen und Stadtleben» بنویسید و ساختار گرامری امروز را به‌کار ببرید: Konzessive Sätze. (دور دوم این منبع: بدون نگاه‌کردن به پاسخ‌های دور قبل و با زمان‌سنج) 🔗 https://www.youtube.com/watch?v=m9N-q74a5iE	25	ویدیو: «ÖSD B2 – Sprechen – Aufgabe 2 – Ein Bild/Foto beschreiben und interpretieren» (نوای یار). سپس خودتان درباره «Kultur und Freizeit» صحبت کنید و ضبط کنید؛ ساختار گرامری امروز: Konzessive Verbindungen. (دور سوم: فقط بخش‌هایی را که قبلاً اشتباه کرده‌اید دوباره انجام دهید) 🔗 https://www.youtube.com/watch?v=sSlVy6IXTME	15	متن مقاله ویکی‌پدیای آلمانی «Bruttoinlandsprodukt»: ۱۵ واژه یا ترکیب دشوار را از آن بیرون بکشید، ‌معنی و حرف تعریف را بنویسید و هر کدام را در یک جمله خودتان به‌کار ببرید. 🔗 https://de.wikipedia.org/wiki/Bruttoinlandsprodukt	20	160	حداقل 88٪ پاسخ درست در تمرین دو مبحث گرامر؛ استفاده از هر دو ساختار در یک جمله نوشتاری یا گفتاری خودتان؛ خروجی اصلی امروز: شنیدن؛ ثبت ۱۵ واژه جدید و خطاها.	انجام نشد
31	5	فاز ۲: مهارت‌سازی آزمونی	2026-11-07	نوشتن	Konsekutive Sätze: sodass und so ... dass (جمله‌های نتیجه‌ای: sodass و so ... dass)	Der Lärm war so laut, dass wir nichts verstehen konnten. « سر و صدا آن‌قدر زیاد بود که نتوانستیم چیزی بفهمیم. »	Die Anlage wurde modernisiert, sodass sie weniger Energie verbraucht. « تأسیسات نوسازی شد، به‌طوری که انرژی کمتری مصرف می‌کند. »	Konsekutive Adverbien: folglich, infolgedessen, daher (قیدهای نتیجه‌ای: folglich، infolgedessen، daher)	Die Kosten steigen, folglich müssen wir sparen. « هزینه‌ها بالا می‌رود، در نتیجه باید صرفه‌جویی کنیم. »	Er hat nie geübt, infolgedessen fiel er durch die Prüfung. « او هرگز تمرین نکرد، در نتیجه در امتحان رد شد. »	40	ویدیو: «Ösd Mittelstufe B2 Lesen Teil 3 mit Lösungen» (DEUTSCH-INSTITUT): چندگزینه‌ای؛ راهبرد حذف گزینه‌های نادرست را تمرین کنید. 🔗 https://www.youtube.com/watch?v=1lvZWMRVa_o	15	ویدیو: «ÖSD MITTELSTUFE B2 ـ Hören Modell 3 Teil 1 mit Lösung» (DEUTSCH-INSTITUT). (دور دوم این منبع: بدون نگاه‌کردن به پاسخ‌های دور قبل و با زمان‌سنج) 🔗 https://www.youtube.com/watch?v=XwuOjYe-J3o	15	ویدیو: «Redemittel: EIGENE MEINUNG ÄUßERN / DISKUSSION (B2, C1, C2)» (Richtig Deutsch sprechen). سپس درباره «Gesellschaft und Familie» بنویسید و ساختار گرامری امروز را به‌کار ببرید: Konsekutive Sätze. (دور دوم این منبع: بدون نگاه‌کردن به پاسخ‌های دور قبل و با زمان‌سنج) 🔗 https://www.youtube.com/watch?v=7gAG0tXjlzM	45	ویدیو: «ÖSD b2 (Fotobeschreibung)» (Deutsch mit Melissa). سپس خودتان درباره «Umwelt und Klima» صحبت کنید و ضبط کنید؛ ساختار گرامری امروز: Konsekutive Adverbien. (دور سوم: فقط بخش‌هایی را که قبلاً اشتباه کرده‌اید دوباره انجام دهید) 🔗 https://www.youtube.com/watch?v=fokI7H-Ufsc	20	متن مقاله ویکی‌پدیای آلمانی «Telearbeit»: ۱۵ واژه یا ترکیب دشوار را از آن بیرون بکشید، ‌معنی و حرف تعریف را بنویسید و هر کدام را در یک جمله خودتان به‌کار ببرید. 🔗 https://de.wikipedia.org/wiki/Telearbeit	20	155	حداقل 88٪ پاسخ درست در تمرین دو مبحث گرامر؛ استفاده از هر دو ساختار در یک جمله نوشتاری یا گفتاری خودتان؛ خروجی اصلی امروز: نوشتن؛ ثبت ۱۵ واژه جدید و خطاها.	انجام نشد
32	5	فاز ۲: مهارت‌سازی آزمونی	2026-11-08	گفتار	Modale Nebensätze: indem und dadurch, dass (جمله‌های شیوه‌ای: indem و dadurch, dass)	Man spart Energie, indem man das Licht ausschaltet. « با خاموش کردن چراغ، انرژی صرفه‌جویی می‌شود. »	Sie verbesserte ihr Hörverstehen dadurch, dass sie täglich Podcasts hörte. « او درک شنیداری‌اش را با این کار بهتر کرد که هر روز پادکست گوش می‌داد. »	Adversative Konnektoren: während und wohingegen (حروف ربط تقابلی: während و wohingegen)	Er arbeitet im Büro, während seine Frau von zu Hause aus arbeitet. « او در دفتر کار می‌کند، در حالی که همسرش از خانه کار می‌کند. »	Im Norden regnet es oft, wohingegen im Süden meistens die Sonne scheint. « در شمال اغلب باران می‌بارد، در حالی که در جنوب بیشتر آفتابی است. »	40	متن مقاله ویکی‌پدیای آلمانی «Ernährung» (متن عمومی هم‌موضوع، نه نمونه آزمون): ۲۰ دقیقه بخوانید، ۵ جمله خلاصه بنویسید و ۸ واژه یا ترکیب دشوار را استخراج کنید. 🔗 https://de.wikipedia.org/wiki/Ern%C3%A4hrung	25	ویدیو: «Projekt ÖSD B2: Hörverstehen T1-1 | Prüfungsvorbereitung & Lösungen» (Lernen Deutsch Prüfung). (دور دوم این منبع: بدون نگاه‌کردن به پاسخ‌های دور قبل و با زمان‌سنج) 🔗 https://www.youtube.com/watch?v=L6wl89TFx-Y	20	ویدیو: «Redemittel Meinung zustimmen/ablehnen, B1/B2 (Diskussion)» (SimplyDeutsch). سپس درباره «Wissenschaft und Forschung» بنویسید و ساختار گرامری امروز را به‌کار ببرید: Modale Nebensätze. (دور دوم این منبع: بدون نگاه‌کردن به پاسخ‌های دور قبل و با زمان‌سنج) 🔗 https://www.youtube.com/watch?v=Veb-oo1lJQM	15	ویدیو: «Mündlich B2 ÖSD ـ Bild beschreiben» (Deutsch B2,C1): مدل توصیف تصویر. سپس خودتان درباره «Bildung und Studium» صحبت کنید و ضبط کنید؛ ساختار گرامری امروز: Adversative Konnektoren. (دور سوم: فقط بخش‌هایی را که قبلاً اشتباه کرده‌اید دوباره انجام دهید) 🔗 https://www.youtube.com/watch?v=GFsneyjtKjA	40	متن مقاله ویکی‌پدیای آلمانی «Stress»: ۱۵ واژه یا ترکیب دشوار را از آن بیرون بکشید، ‌معنی و حرف تعریف را بنویسید و هر کدام را در یک جمله خودتان به‌کار ببرید. 🔗 https://de.wikipedia.org/wiki/Stress	20	160	حداقل 88٪ پاسخ درست در تمرین دو مبحث گرامر؛ استفاده از هر دو ساختار در یک جمله نوشتاری یا گفتاری خودتان؛ خروجی اصلی امروز: گفتار؛ ثبت ۱۵ واژه جدید و خطاها.	انجام نشد
33	5	فاز ۲: مهارت‌سازی آزمونی	2026-11-09	خواندن و شنیدن	Temporale Sätze: als, wenn, sobald, nachdem (جمله‌های زمانی: als، wenn، sobald، nachdem)	Als ich ankam, war die Besprechung schon vorbei. « وقتی رسیدم، جلسه تمام شده بود. »	Sobald die Ergebnisse da sind, informiere ich dich. « به‌محض اینکه نتایج برسد، به تو خبر می‌دهم. »	Temporale Sätze: bevor, ehe, bis, seit(dem) (جمله‌های زمانی: bevor، ehe، bis، seit(dem))	Bevor du gehst, schalte bitte die Maschine aus. « پیش از رفتن، لطفاً دستگاه را خاموش کن. »	Seitdem er in Wien lebt, spricht er viel besser Deutsch. « از زمانی که در وین زندگی می‌کند، آلمانی را بسیار بهتر صحبت می‌کند. »	40	ویدیو: «ÖSD – B2 LESEN TEIL 3» (DEUTSCH-INSTITUT): پیش از دیدن راه‌حل، خودتان پاسخ دهید. 🔗 https://www.youtube.com/watch?v=FYwBSjwd4lM	35	ویدیو: «ÖSD B2 Hörverstehen: Test 2, Aufgabe 1 mit Lösungen» (Lernen Deutsch Prüfung). (دور دوم این منبع: بدون نگاه‌کردن به پاسخ‌های دور قبل و با زمان‌سنج) 🔗 https://www.youtube.com/watch?v=MpdaniZohao	35	ویدیو: «Alle wichtigen Konnektoren | B1–B2–C1» (Einfach deutsch, easy deutsch). سپس درباره «Medien und Internet» بنویسید و ساختار گرامری امروز را به‌کار ببرید: Temporale Sätze. (دور دوم این منبع: بدون نگاه‌کردن به پاسخ‌های دور قبل و با زمان‌سنج) 🔗 https://www.youtube.com/watch?v=ul-cf_-bdyA	20	ویدیو: «Deutsch lernen: Bildbeschreibung (Mündliche Prüfung) A1–B2» (SimplyDeutsch). سپس خودتان درباره «Wohnen und Stadtleben» صحبت کنید و ضبط کنید؛ ساختار گرامری امروز: Temporale Sätze. (دور سوم: فقط بخش‌هایی را که قبلاً اشتباه کرده‌اید دوباره انجام دهید) 🔗 https://www.youtube.com/watch?v=krJml8rJr8M	15	متن مقاله ویکی‌پدیای آلمانی «Stromnetz»: ۱۵ واژه یا ترکیب دشوار را از آن بیرون بکشید، ‌معنی و حرف تعریف را بنویسید و هر کدام را در یک جمله خودتان به‌کار ببرید. 🔗 https://de.wikipedia.org/wiki/Stromnetz	20	165	حداقل 88٪ پاسخ درست در تمرین دو مبحث گرامر؛ استفاده از هر دو ساختار در یک جمله نوشتاری یا گفتاری خودتان؛ خروجی اصلی امروز: خواندن و شنیدن؛ ثبت ۱۵ واژه جدید و خطاها.	انجام نشد
34	5	فاز ۲: مهارت‌سازی آزمونی	2026-11-10	نوشتن و گفتار	Temporale Sätze: während, solange, sooft (جمله‌های زمانی: während، solange، sooft)	Solange der Fehler besteht, darf die Anlage nicht laufen. « تا زمانی که خطا وجود دارد، دستگاه نباید کار کند. »	Sooft ich ihn anrufe, ist er beschäftigt. « هر بار که به او زنگ می‌زنم، سرش شلوغ است. »	Zweiteilige Konnektoren I: entweder ... oder, nicht nur ... sondern auch (حروف ربط دوبخشی ۱: entweder ... oder، nicht nur ... sondern auch)	Wir treffen uns entweder heute oder morgen. « ما یا امروز یا فردا همدیگر را می‌بینیم. »	Sie ist nicht nur Ingenieurin, sondern auch Lehrerin. « او نه‌تنها مهندس، بلکه معلم هم هست. »	40	متن مقاله ویکی‌پدیای آلمانی «Marketing» (متن عمومی هم‌موضوع، نه نمونه آزمون): ۲۰ دقیقه بخوانید، ۵ جمله خلاصه بنویسید و ۸ واژه یا ترکیب دشوار را استخراج کنید. 🔗 https://de.wikipedia.org/wiki/Marketing	15	ویدیو: «ÖSD B2 Modelltest 8 Aufgabe 2 Hören mit Lösungen» (Lernen Deutsch Prüfung). (دور دوم این منبع: بدون نگاه‌کردن به پاسخ‌های دور قبل و با زمان‌سنج) 🔗 https://www.youtube.com/watch?v=YJAwhjgQVHE	20	ویدیو: «Wir BESCHREIBEN eine GRAFIK (Redemittel | B2 | C1)» (Dein Sprachcoach): توصیف نمودار. سپس درباره «Migration und Integration» بنویسید و ساختار گرامری امروز را به‌کار ببرید: Temporale Sätze. (دور دوم این منبع: بدون نگاه‌کردن به پاسخ‌های دور قبل و با زمان‌سنج) 🔗 https://www.youtube.com/watch?v=1UlFUBd3gyc	40	ویدیو: «ÖSD B2 – Sprechen – Aufgabe 3 – Meinungsaustausch / Diskussion» (نوای یار). سپس خودتان درباره «Gesellschaft und Familie» صحبت کنید و ضبط کنید؛ ساختار گرامری امروز: Zweiteilige Konnektoren I. (دور سوم: فقط بخش‌هایی را که قبلاً اشتباه کرده‌اید دوباره انجام دهید) 🔗 https://www.youtube.com/watch?v=jjTeXSmVj_Y	30	متن مقاله ویکی‌پدیای آلمانی «Werbung»: ۱۵ واژه یا ترکیب دشوار را از آن بیرون بکشید، ‌معنی و حرف تعریف را بنویسید و هر کدام را در یک جمله خودتان به‌کار ببرید. 🔗 https://de.wikipedia.org/wiki/Werbung	20	165	حداقل 88٪ پاسخ درست در تمرین دو مبحث گرامر؛ استفاده از هر دو ساختار در یک جمله نوشتاری یا گفتاری خودتان؛ خروجی اصلی امروز: نوشتن و گفتار؛ ثبت ۱۵ واژه جدید و خطاها.	انجام نشد
35	5	فاز ۲: مهارت‌سازی آزمونی	2026-11-11	مرور هفته و آزمون	Zweiteilige Konnektoren II: sowohl ... als auch, weder ... noch, je ... desto (حروف ربط دوبخشی ۲: sowohl ... als auch، weder ... noch، je ... desto)	Er spricht sowohl Persisch als auch Deutsch. « او هم فارسی هم آلمانی صحبت می‌کند. »	Je mehr ich übe, desto sicherer werde ich. « هرچه بیشتر تمرین کنم، مطمئن‌تر می‌شوم. »	Konditionale Adverbien: sonst, andernfalls, ansonsten (قیدهای شرطی: sonst، andernfalls، ansonsten)	Du musst die Frist einhalten, sonst verfällt dein Anspruch. « باید مهلت را رعایت کنی، وگرنه حقت از بین می‌رود. »	Bitte antworten Sie bis Freitag, andernfalls vergeben wir den Termin anderweitig. « لطفاً تا جمعه پاسخ دهید، در غیر این صورت وقت را به دیگری می‌دهیم. »	40	مرور خطاهای خواندن این هفته: هر تکلیف اشتباه را دوباره بخوانید و علت خطا را بنویسید. (مرور هفته 5) منبع: صفحه رسمی دانلودهای ÖSD: یکی از مدل‌ست‌ها را انتخاب کنید و خطاهای این هفته را دوباره حل کنید. 🔗 https://www.osd.at/downloads/	30	مرور خطاهای شنیداری: بخش‌هایی را که اشتباه شنیده‌اید دوباره گوش دهید و با متن تطبیق دهید. (مرور هفته 5) منبع: صفحه رسمی گوته ـ هر Teil شنیداری را که این هفته ضعیف بوده دوباره گوش دهید. 🔗 https://bfu.goethe.de/b2_mod_2MX6/hoeren.php	30	یکی از نوشته‌های هفته را بازنویسی کنید و فهرست خطاهای تکراری خود را به‌روز کنید. (مرور هفته 5) منبع: LanguageTool: یکی از نوشته‌های این هفته را بررسی کنید و خطاهای تکراری را فهرست کنید. 🔗 https://languagetool.org/de	30	ضبط یک تک‌گویی ۳ دقیقه‌ای درباره موضوعی از همین هفته؛ بازشنیدن و یادداشت ۳ نقطه ضعف. (مرور هفته 5) منبع: ویدیوی رسمی ÖSD درباره Sprechen: بازبینی معیارها و ضبط یک تک‌گویی ۳ دقیقه‌ای. 🔗 https://www.youtube.com/watch?v=nFQljN4Oeio	20	مرور همه واژه‌های دشوار هفته با کارت‌های مرور و جمله‌سازی شفاهی. (مرور هفته 5) منبع: فرهنگ لغت DWDS 🔗 https://www.dwds.de/	20	170	همه خطاهای هفته را در دفتر خطا مرور کنید؛ هر خطا را دوباره درست بنویسید و ۱۰ جمله جدید با گرامرهای هفته بسازید.	انجام نشد
36	6	فاز ۲: مهارت‌سازی آزمونی	2026-11-12	خواندن	Relativsätze im Nominativ und Akkusativ (جمله‌های موصولی در حالت نومیناتیو و اکوزاتیو)	Das ist der Techniker, der die Anlage gewartet hat. « این همان تکنسینی است که دستگاه را نگهداری کرده است. »	Die Maschine, die wir gestern gekauft haben, läuft einwandfrei. « دستگاهی که دیروز خریدیم، بی‌نقص کار می‌کند. »	Relativsätze im Dativ und Genitiv (جمله‌های موصولی در حالت داتیو و ژنتیو)	Der Kollege, dem ich geholfen habe, hat sich bedankt. « همکاری که به او کمک کردم، تشکر کرد. »	Die Firma, deren Mitarbeiter ich kenne, sucht neue Ingenieure. « شرکتی که کارکنانش را می‌شناسم، دنبال مهندسان جدید است. »	40	ویدیو: «B2 Lesen | Modelltest 9 Teil 1 mit Lösungen» (Open Deutsch Prüfung): تطبیق متن‌ها؛ زمان‌سنج روشن. 🔗 https://www.youtube.com/watch?v=dPoUUjH3sd4	40	ویدیو: «Ösd Mittelstufe B2 Modelltest 10 Hören Teil 2 mit Lösungen» (DEUTSCH-INSTITUT). (دور دوم این منبع: بدون نگاه‌کردن به پاسخ‌های دور قبل و با زمان‌سنج) 🔗 https://www.youtube.com/watch?v=LYeBgund6SI	20	ویدیو: «GRAFIKBESCHREIBUNG – Deutsch lernen (B1, B2)» (Ulya Deutsch). سپس درباره «Kultur und Freizeit» بنویسید و ساختار گرامری امروز را به‌کار ببرید: Relativsätze im Nominativ und Akkusativ. (دور دوم این منبع: بدون نگاه‌کردن به پاسخ‌های دور قبل و با زمان‌سنج) 🔗 https://www.youtube.com/watch?v=y6aLuPAgE_o	20	ویدیو: «ÖSD-Prüfung B2, Mündlich Teil 3: Meinungsaustausch» (Deutsch global). سپس خودتان درباره «Gesundheit und Ernährung» صحبت کنید و ضبط کنید؛ ساختار گرامری امروز: Relativsätze im Dativ und Genitiv. (دور سوم: فقط بخش‌هایی را که قبلاً اشتباه کرده‌اید دوباره انجام دهید) 🔗 https://www.youtube.com/watch?v=PJQGfpXbMVI	15	متن مقاله ویکی‌پدیای آلمانی «Künstliche Intelligenz»: ۱۵ واژه یا ترکیب دشوار را از آن بیرون بکشید، ‌معنی و حرف تعریف را بنویسید و هر کدام را در یک جمله خودتان به‌کار ببرید. 🔗 https://de.wikipedia.org/wiki/K%C3%BCnstliche_Intelligenz	20	155	حداقل 88٪ پاسخ درست در تمرین دو مبحث گرامر؛ استفاده از هر دو ساختار در یک جمله نوشتاری یا گفتاری خودتان؛ خروجی اصلی امروز: خواندن؛ ثبت ۱۵ واژه جدید و خطاها.	انجام نشد
37	6	فاز ۲: مهارت‌سازی آزمونی	2026-11-13	شنیدن	Relativsätze mit Präposition (جمله‌های موصولی با حرف اضافه)	Das Projekt, an dem ich arbeite, ist sehr komplex. « پروژه‌ای که روی آن کار می‌کنم، بسیار پیچیده است. »	Die Stadt, in der ich wohne, hat etwa 200.000 Einwohner. « شهری که در آن زندگی می‌کنم، حدود ۲۰۰ هزار نفر جمعیت دارد. »	Relativsätze mit was, wo und wer (جمله‌های موصولی با was، wo و wer)	Das ist das Beste, was ich je gehört habe. « این بهترین چیزی است که تا حالا شنیده‌ام. »	Wer rechtzeitig kommt, bekommt einen Platz in der ersten Reihe. « هر کس به‌موقع بیاید، جایی در ردیف اول می‌گیرد. »	40	متن مقاله ویکی‌پدیای آلمانی «Einwanderung» (متن عمومی هم‌موضوع، نه نمونه آزمون): ۲۰ دقیقه بخوانید، ۵ جمله خلاصه بنویسید و ۸ واژه یا ترکیب دشوار را استخراج کنید. 🔗 https://de.wikipedia.org/wiki/Einwanderung	20	ویدیو: «Projekt ÖSD B2 Hören ـ Modelltest 10 Aufgabe 2» (Lernen Deutsch Prüfung). (دور دوم این منبع: بدون نگاه‌کردن به پاسخ‌های دور قبل و با زمان‌سنج) 🔗 https://www.youtube.com/watch?v=e-KQ3U-EWjg	40	ویدیو: «Eine Grafik beschreiben (Redemittel)» (LevelUPSpace). سپس درباره «Umwelt und Klima» بنویسید و ساختار گرامری امروز را به‌کار ببرید: Relativsätze mit Präposition. (دور دوم این منبع: بدون نگاه‌کردن به پاسخ‌های دور قبل و با زمان‌سنج) 🔗 https://www.youtube.com/watch?v=pSZNqd9W7GI	25	صفحه رسمی گوته B2 ـ Sprechen Teil 1 (سخنرانی ۴ دقیقه‌ای): یکی از موضوع‌ها را انتخاب کنید: «Finanzierung des Studiums»، «Gesund leben»، «Freundschaften pflegen» یا «Ernährung am Arbeitsplatz». ضبط کنید. سپس خودتان درباره «Technik und Energie» صحبت کنید و ضبط کنید؛ ساختار گرامری امروز: Relativsätze mit was, wo und wer. (دور سوم: فقط بخش‌هایی را که قبلاً اشتباه کرده‌اید دوباره انجام دهید) 🔗 https://bfu.goethe.de/b2_mod_2MX6/sprechen.php	15	متن مقاله ویکی‌پدیای آلمانی «Mehrsprachigkeit»: ۱۵ واژه یا ترکیب دشوار را از آن بیرون بکشید، ‌معنی و حرف تعریف را بنویسید و هر کدام را در یک جمله خودتان به‌کار ببرید. 🔗 https://de.wikipedia.org/wiki/Mehrsprachigkeit	20	160	حداقل 88٪ پاسخ درست در تمرین دو مبحث گرامر؛ استفاده از هر دو ساختار در یک جمله نوشتاری یا گفتاری خودتان؛ خروجی اصلی امروز: شنیدن؛ ثبت ۱۵ واژه جدید و خطاها.	انجام نشد
38	6	فاز ۲: مهارت‌سازی آزمونی	2026-11-14	نوشتن	Adjektivdeklination nach bestimmtem und unbestimmtem Artikel (صرف صفت بعد از حرف تعریف معرفه و نکره)	Der neue Kollege trägt eine blaue Jacke. « همکار جدید یک ژاکت آبی پوشیده است. »	Mit dem alten Computer kann man kaum noch arbeiten. « با رایانه قدیمی تقریباً دیگر نمی‌شود کار کرد. »	Adjektivdeklination ohne Artikel (صرف صفت بدون حرف تعریف)	Gute Bewerber werden schnell zum Gespräch eingeladen. « متقاضیان خوب سریع به مصاحبه دعوت می‌شوند. »	Wir suchen erfahrene Ingenieure mit guten Deutschkenntnissen. « ما مهندسان باتجربه با دانش آلمانی خوب استخدام می‌کنیم. »	40	ویدیو: «Lösungen Projekt ÖSD B2 Hören und Lesen Modelltest 1 bis 10» (Mein Weg nach DACH): یکی از مدل‌تست‌ها را انتخاب کنید و بخش Lesen را حل کنید. 🔗 https://www.youtube.com/watch?v=WkatyOb9OtM	15	ویدیو: «Hören Teil 1 Modeltest 04 mit Lösungen ـ Prüfungstraining Goethe Zertifikat B2» (Der Traum ist wahr geworden). (دور دوم این منبع: بدون نگاه‌کردن به پاسخ‌های دور قبل و با زمان‌سنج) 🔗 https://www.youtube.com/watch?v=hBLjXCLRQ8U	15	صفحه رسمی گوته B2 ـ Teil 1 (۵۰ دقیقه، حداقل ۱۵۰ کلمه): پست انجمن درباره بسته‌بندی پلاستیکی (نظر، دلیل، جایگزین‌ها، مزایا). سپس درباره «Bildung und Studium» بنویسید و ساختار گرامری امروز را به‌کار ببرید: Adjektivdeklination nach bestimmtem und unbestimmtem Artikel. (دور دوم این منبع: بدون نگاه‌کردن به پاسخ‌های دور قبل و با زمان‌سنج) 🔗 https://bfu.goethe.de/b2_mod_2MX6/schreiben.php	45	همان صفحه ـ Teil 2 (بحث ۵ دقیقه‌ای): «Sollen Studierende ihre Professorinnen und Professoren beurteilen?» ـ موافق و مخالف را با شریک یا ضبط صدا تمرین کنید. سپس خودتان درباره «Konsum und Werbung» صحبت کنید و ضبط کنید؛ ساختار گرامری امروز: Adjektivdeklination ohne Artikel. (دور سوم: فقط بخش‌هایی را که قبلاً اشتباه کرده‌اید دوباره انجام دهید) 🔗 https://bfu.goethe.de/b2_mod_2MX6/sprechen.php	20	متن مقاله ویکی‌پدیای آلمانی «Tourismus»: ۱۵ واژه یا ترکیب دشوار را از آن بیرون بکشید، ‌معنی و حرف تعریف را بنویسید و هر کدام را در یک جمله خودتان به‌کار ببرید. 🔗 https://de.wikipedia.org/wiki/Tourismus	20	155	حداقل 88٪ پاسخ درست در تمرین دو مبحث گرامر؛ استفاده از هر دو ساختار در یک جمله نوشتاری یا گفتاری خودتان؛ خروجی اصلی امروز: نوشتن؛ ثبت ۱۵ واژه جدید و خطاها.	انجام نشد
39	6	فاز ۲: مهارت‌سازی آزمونی	2026-11-15	گفتار	Partizip I als Attribut (وجه وصفی حال (Partizip I) به‌عنوان صفت)	Die steigenden Preise belasten viele Familien. « قیمت‌های رو‌به‌افزایش بسیاری از خانواده‌ها را تحت فشار می‌گذارند. »	Ein weinendes Kind stand vor der Tür. « کودکی گریان پشت در ایستاده بود. »	Partizip II als Attribut (وجه وصفی گذشته (Partizip II) به‌عنوان صفت)	Das reparierte Gerät funktioniert wieder. « دستگاه تعمیرشده دوباره کار می‌کند. »	Die gestern gelieferten Kabel sind zu kurz. « کابل‌هایی که دیروز تحویل داده شدند، خیلی کوتاه‌اند. »	40	متن مقاله ویکی‌پدیای آلمانی «Steuer» (متن عمومی هم‌موضوع، نه نمونه آزمون): ۲۰ دقیقه بخوانید، ۵ جمله خلاصه بنویسید و ۸ واژه یا ترکیب دشوار را استخراج کنید. 🔗 https://de.wikipedia.org/wiki/Steuer	25	ویدیو: «Prüfungstraining Goethe Zertifikat B2 Hören Teil 1 Modeltest 03 mit Lösungen» (Der Traum ist wahr geworden). (دور دوم این منبع: بدون نگاه‌کردن به پاسخ‌های دور قبل و با زمان‌سنج) 🔗 https://www.youtube.com/watch?v=vqq7FSc9qps	20	همان صفحه ـ Teil 2 (۲۵ دقیقه، حداقل ۱۰۰ کلمه): پیام به سرپرست (Herr Ebert) درباره حجم زیاد کار در دوره کارآموزی. سپس درباره «Wohnen und Stadtleben» بنویسید و ساختار گرامری امروز را به‌کار ببرید: Partizip I als Attribut. (دور دوم این منبع: بدون نگاه‌کردن به پاسخ‌های دور قبل و با زمان‌سنج) 🔗 https://bfu.goethe.de/b2_mod_2MX6/schreiben.php	15	ویدیوی رسمی ÖSD: «ÖSD Zertifikat B2 – Mündliche Prüfung (Sprechen)»: ساختار واقعی را ببینید، بعد یک تکلیف مشابه را ضبط کنید. سپس خودتان درباره «Kultur und Freizeit» صحبت کنید و ضبط کنید؛ ساختار گرامری امروز: Partizip II als Attribut. (دور چهارم: شرایط واقعی آزمون، بدون مکث و بدون فرهنگ لغت) 🔗 https://www.youtube.com/watch?v=nFQljN4Oeio	40	متن مقاله ویکی‌پدیای آلمانی «Globalisierung»: ۱۵ واژه یا ترکیب دشوار را از آن بیرون بکشید، ‌معنی و حرف تعریف را بنویسید و هر کدام را در یک جمله خودتان به‌کار ببرید. 🔗 https://de.wikipedia.org/wiki/Globalisierung	20	160	حداقل 88٪ پاسخ درست در تمرین دو مبحث گرامر؛ استفاده از هر دو ساختار در یک جمله نوشتاری یا گفتاری خودتان؛ خروجی اصلی امروز: گفتار؛ ثبت ۱۵ واژه جدید و خطاها.	انجام نشد
40	6	فاز ۲: مهارت‌سازی آزمونی	2026-11-16	خواندن و شنیدن	Erweiterte Partizipialattribute (صفت‌های وصفی گسترده)	Die in der Werkstatt arbeitenden Techniker tragen Schutzhelme. « تکنسین‌هایی که در کارگاه کار می‌کنند، کلاه ایمنی بر سر دارند. »	Der seit Jahren geplante Umbau wurde endlich genehmigt. « بازسازی‌ای که سال‌هاست برنامه‌ریزی شده بود، بالاخره تأیید شد. »	Komparativ, Superlativ und Vergleichssätze (صفت تفضیلی، عالی و جمله‌های مقایسه‌ای)	Der Zug ist schneller als das Auto, aber das Flugzeug ist am schnellsten. « قطار از ماشین سریع‌تر است، اما هواپیما از همه سریع‌تر است. »	Dieses Kabel ist genauso dick wie das alte, aber deutlich flexibler. « این کابل به‌اندازه کابل قدیمی ضخیم است، اما به‌مراتب انعطاف‌پذیرتر. »	40	صفحه رسمی نمونه‌آزمون گوته B2 ـ Teil 1 «Moderne Lebensformen» (چهار پست انجمن؛ ۱۸ دقیقه): ۹ جمله را به افراد نسبت دهید. پاسخ را همان‌جا بررسی کنید. (دور دوم این منبع: بدون نگاه‌کردن به پاسخ‌های دور قبل و با زمان‌سنج) 🔗 https://bfu.goethe.de/b2_mod_2MX6/lesen.php	35	ویدیو: «Prüfungstraining Goethe Zertifikat B2 Hören Teil 2 Modeltest 02» (Der Traum ist wahr geworden): مصاحبه/گزارش؛ دو بار. (دور دوم این منبع: بدون نگاه‌کردن به پاسخ‌های دور قبل و با زمان‌سنج) 🔗 https://www.youtube.com/watch?v=hDGtqHTTYQA	35	ویدیو: «Wie schreibe ich einen Leserbrief? ـ Aufbau, Gliederung & Inhalt» (Die Merkhilfe): ساختار را یادداشت کنید، سپس متن نظرتان را بنویسید. سپس درباره «Gesellschaft und Familie» بنویسید و ساختار گرامری امروز را به‌کار ببرید: Erweiterte Partizipialattribute. (دور سوم: فقط بخش‌هایی را که قبلاً اشتباه کرده‌اید دوباره انجام دهید) 🔗 https://www.youtube.com/watch?v=jrZ1A_BLZZA	20	ویدیو: «Prüfungsvorbereitung B2, Thema präsentieren, Meinung äußern, Redemittel» (Deutsch global). سپس خودتان درباره «Umwelt und Klima» صحبت کنید و ضبط کنید؛ ساختار گرامری امروز: Komparativ, Superlativ und Vergleichssätze. (دور چهارم: شرایط واقعی آزمون، بدون مکث و بدون فرهنگ لغت) 🔗 https://www.youtube.com/watch?v=ILelVsByEPk	15	متن مقاله ویکی‌پدیای آلمانی «Berufsausbildung»: ۱۵ واژه یا ترکیب دشوار را از آن بیرون بکشید، ‌معنی و حرف تعریف را بنویسید و هر کدام را در یک جمله خودتان به‌کار ببرید. 🔗 https://de.wikipedia.org/wiki/Berufsausbildung	20	165	حداقل 88٪ پاسخ درست در تمرین دو مبحث گرامر؛ استفاده از هر دو ساختار در یک جمله نوشتاری یا گفتاری خودتان؛ خروجی اصلی امروز: خواندن و شنیدن؛ ثبت ۱۵ واژه جدید و خطاها.	انجام نشد
41	6	فاز ۲: مهارت‌سازی آزمونی	2026-11-17	نوشتن و گفتار	Nominalisierung von Verben (اسم‌سازی از فعل)	Das Lesen deutscher Fachtexte fällt mir inzwischen leichter. « خواندن متن‌های تخصصی آلمانی حالا برایم آسان‌تر است. »	Die Entscheidung über den Umzug fiel uns schwer. « تصمیم‌گیری درباره نقل‌مکان برای ما سخت بود. »	Nominalisierung von Adjektiven (اسم‌سازی از صفت)	Die Schwierigkeit der Aufgabe überraschte alle. « دشواری تکلیف همه را شگفت‌زده کرد. »	Wegen der Genauigkeit seiner Arbeit wurde er befördert. « به دلیل دقت کارش ارتقا یافت. »	40	متن مقاله ویکی‌پدیای آلمانی «Schlaf» (متن عمومی هم‌موضوع، نه نمونه آزمون): ۲۰ دقیقه بخوانید، ۵ جمله خلاصه بنویسید و ۸ واژه یا ترکیب دشوار را استخراج کنید. 🔗 https://de.wikipedia.org/wiki/Schlaf	15	ویدیو: «Prüfungstraining Goethe Zertifikat B2 Hören Teil 4 Modeltest 02 mit Lösungen» (Der Traum ist wahr geworden): سخنرانی کوتاه. (دور دوم این منبع: بدون نگاه‌کردن به پاسخ‌های دور قبل و با زمان‌سنج) 🔗 https://www.youtube.com/watch?v=JzYzg-5Lgms	20	ویدیو: «Redemittel: Die eigene Meinung ausdrücken» (DeutschLera): ۱۰ عبارت را بنویسید و در متن خودتان استفاده کنید. سپس درباره «Wissenschaft und Forschung» بنویسید و ساختار گرامری امروز را به‌کار ببرید: Nominalisierung von Verben. (دور سوم: فقط بخش‌هایی را که قبلاً اشتباه کرده‌اید دوباره انجام دهید) 🔗 https://www.youtube.com/watch?v=Tj9P_HXTBtM	40	ویدیو: «Was Prüfer bei der BILDBESCHREIBUNG erwarten: ÖSD B2» (AR German Talks): معیارهای ارزیابی را یادداشت کنید. سپس خودتان درباره «Bildung und Studium» صحبت کنید و ضبط کنید؛ ساختار گرامری امروز: Nominalisierung von Adjektiven. (دور چهارم: شرایط واقعی آزمون، بدون مکث و بدون فرهنگ لغت) 🔗 https://www.youtube.com/watch?v=Xwp5L53uj3s	30	متن مقاله ویکی‌پدیای آلمانی «Krankenversicherung»: ۱۵ واژه یا ترکیب دشوار را از آن بیرون بکشید، ‌معنی و حرف تعریف را بنویسید و هر کدام را در یک جمله خودتان به‌کار ببرید. 🔗 https://de.wikipedia.org/wiki/Krankenversicherung	20	165	حداقل 88٪ پاسخ درست در تمرین دو مبحث گرامر؛ استفاده از هر دو ساختار در یک جمله نوشتاری یا گفتاری خودتان؛ خروجی اصلی امروز: نوشتن و گفتار؛ ثبت ۱۵ واژه جدید و خطاها.	انجام نشد
42	6	فاز ۲: مهارت‌سازی آزمونی	2026-11-18	آزمون آزمایشی	Nomen-Verb-Verbindungen (ترکیب‌های اسم‌ـ‌فعل)	Die Firma trifft eine Entscheidung über die Einstellung neuer Mitarbeiter. « شرکت درباره استخدام کارکنان جدید تصمیم می‌گیرد. »	Wir nehmen Ihren Vorschlag gern in Betracht. « ما با کمال میل پیشنهاد شما را در نظر می‌گیریم. »	Der Genitiv und Präpositionen mit Genitiv (حالت ژنتیو و حروف اضافه با ژنتیو)	Wegen des Sturms wurde der Flug gestrichen. « به دلیل طوفان، پرواز لغو شد. »	Trotz der hohen Kosten entschied sich die Firma für das Projekt. « با وجود هزینه‌های بالا، شرکت پروژه را انتخاب کرد. »	20	آزمون آزمایشی 3 ـ خواندن: همه تکلیف‌ها را در ۹۰ دقیقه و بدون فرهنگ لغت حل کنید. منبع: PDF رسمی گوته B2 (بزرگسالان) ـ بخش Lesen (صفحه‌های ۸ تا ۱۷) را چاپ کنید؛ این بار بدون استفاده از صفحه آنلاین. (متن‌ها را در آزمون ۱ دیده‌اید؛ تمرکز بر زمان و دقت.) 🔗 https://www.goethe.de/pro/relaunch/prf/materialien/B2/b2_modellsatz_erwachsene.pdf	90	آزمون آزمایشی 3 ـ شنیدن: مطابق شرایط آزمون و هر فایل صوتی فقط یک بار (حدود ۳۰ دقیقه؛ مدت دقیق را با نمونه رسمی تطبیق دهید). منبع: فایل رسمی Hören (MP4) همراه PDF. 🔗 https://goethemp4s.akamaized.net/resources/files/mp477/b2_modellsatz_rahmen_erwachsene.mp4	30	آزمون آزمایشی 3 ـ نوشتن: همه تکلیف‌ها را در ۹۰ دقیقه بنویسید؛ سپس با معیارهای محتوا، ساختار، واژگان و صحت دستوری ارزیابی کنید. منبع: همان PDF ـ تکلیف‌های Schreiben (ص ۲۴ تا ۲۵)؛ ۷۵ دقیقه. 🔗 https://www.goethe.de/pro/relaunch/prf/materialien/B2/b2_modellsatz_erwachsene.pdf	90	آزمون آزمایشی 3 ـ گفتار: ۱۵ تا ۲۰ دقیقه با شریک یا معلم (یا ضبط صدا) و بازشنیدن ضبط. منبع: همان PDF ـ تکلیف‌های Sprechen (ص ۲۶ تا ۳۲). 🔗 https://www.goethe.de/pro/relaunch/prf/materialien/B2/b2_modellsatz_erwachsene.pdf	20	مرور خطاهای آزمون: ۱۰ واژه یا عبارتی را که در آزمون ندانستید مرور کنید. منبع: فرهنگ لغت DWDS برای مرور واژه‌های دشوار آزمون 🔗 https://www.dwds.de/	10	260	آزمون آزمایشی شماره 3 را در شرایط واقعی انجام دهید، نمره هر مهارت را در برگه «آزمون‌های آزمایشی» ثبت کنید و ضعیف‌ترین مهارت را مشخص کنید.	انجام نشد
43	7	فاز ۲: مهارت‌سازی آزمونی	2026-11-19	خواندن	Nominalisierung kausaler Nebensätze (اسم‌سازی از جمله‌های علّی)	Aufgrund eines Kurzschlusses fiel die Anlage aus. « به‌دلیل اتصال کوتاه، دستگاه از کار افتاد. »	Dank der guten Vorbereitung bestand sie die Prüfung. « به‌لطف آمادگی خوب، او امتحان را گذراند. »	Nominalisierung temporaler Nebensätze (اسم‌سازی از جمله‌های زمانی)	Bei der Ankunft müssen Sie sich am Empfang anmelden. « هنگام ورود باید در پذیرش ثبت‌نام کنید. »	Nach dem Abschluss des Studiums zog er nach Wien. « پس از پایان تحصیل، او به وین نقل‌مکان کرد. »	40	همان صفحه ـ Teil 2 «Reisefieber» (مقاله مجله؛ جای‌خالی با جمله؛ ۱۲ دقیقه): جمله‌های مناسب را در جای‌خالی‌ها بگذارید. (دور دوم این منبع: بدون نگاه‌کردن به پاسخ‌های دور قبل و با زمان‌سنج) 🔗 https://bfu.goethe.de/b2_mod_2MX6/lesen.php	40	ویدیو: «Goethe Zertifikat B2 hören 2023 ـ MD4» (Speak German with Confidence): یک بخش کامل شنیدن. (دور دوم این منبع: بدون نگاه‌کردن به پاسخ‌های دور قبل و با زمان‌سنج) 🔗 https://www.youtube.com/watch?v=OSeAGBRFsDY	20	ویدیو: «Sofort besser schreiben mit diesen Konnektoren! (b2, c1)» (DeutschLera): حداقل ۶ حرف ربط را در متنتان به‌کار ببرید. سپس درباره «Technik und Energie» بنویسید و ساختار گرامری امروز را به‌کار ببرید: Nominalisierung kausaler Nebensätze. (دور سوم: فقط بخش‌هایی را که قبلاً اشتباه کرده‌اید دوباره انجام دهید) 🔗 https://www.youtube.com/watch?v=oBqzMHsZfPA	20	ویدیو: «ÖSD B2 – Sprechen – Aufgabe 2 – Ein Bild/Foto beschreiben und interpretieren» (نوای یار). سپس خودتان درباره «Wirtschaft und Finanzen» صحبت کنید و ضبط کنید؛ ساختار گرامری امروز: Nominalisierung temporaler Nebensätze. (دور چهارم: شرایط واقعی آزمون، بدون مکث و بدون فرهنگ لغت) 🔗 https://www.youtube.com/watch?v=sSlVy6IXTME	15	متن مقاله ویکی‌پدیای آلمانی «Gleichberechtigung»: ۱۵ واژه یا ترکیب دشوار را از آن بیرون بکشید، ‌معنی و حرف تعریف را بنویسید و هر کدام را در یک جمله خودتان به‌کار ببرید. 🔗 https://de.wikipedia.org/wiki/Gleichberechtigung	20	155	حداقل 88٪ پاسخ درست در تمرین دو مبحث گرامر؛ استفاده از هر دو ساختار در یک جمله نوشتاری یا گفتاری خودتان؛ خروجی اصلی امروز: خواندن؛ ثبت ۱۵ واژه جدید و خطاها.	انجام نشد
44	7	فاز ۲: مهارت‌سازی آزمونی	2026-11-20	شنیدن	Nominalisierung konzessiver und konditionaler Nebensätze (اسم‌سازی از جمله‌های تقابلی و شرطی)	Trotz des schlechten Wetters fand die Veranstaltung statt. « با وجود آب‌وهوای بد، مراسم برگزار شد. »	Im Falle eines Brandes ist der Notausgang zu benutzen. « در صورت آتش‌سوزی باید از خروج اضطراری استفاده کرد. »	Nominalisierung finaler und modaler Nebensätze (اسم‌سازی از جمله‌های هدفی و شیوه‌ای)	Zur Verbesserung der Qualität wurden neue Geräte angeschafft. « برای بهبود کیفیت، دستگاه‌های جدیدی خریداری شد. »	Durch regelmäßiges Üben kann man seine Sprachkenntnisse verbessern. « با تمرین منظم می‌توان دانش زبان را بهتر کرد. »	40	متن مقاله ویکی‌پدیای آلمانی «Kernfusion» (متن عمومی هم‌موضوع، نه نمونه آزمون): ۲۰ دقیقه بخوانید، ۵ جمله خلاصه بنویسید و ۸ واژه یا ترکیب دشوار را استخراج کنید. 🔗 https://de.wikipedia.org/wiki/Kernfusion	20	ویدیو: «Goethe Zertifikat B2 Hören Modellsatz Jugendliche» (Grenzenlosci): بخش شنیدن کامل. (دور دوم این منبع: بدون نگاه‌کردن به پاسخ‌های دور قبل و با زمان‌سنج) 🔗 https://www.youtube.com/watch?v=Kyf_3zXSwIE	40	ویدیو: «Deutsch lernen: B2 Beschwerdebrief schreiben» (SimplyDeutsch): نامه شکایت را طبق همین الگو بنویسید. سپس درباره «Konsum und Werbung» بنویسید و ساختار گرامری امروز را به‌کار ببرید: Nominalisierung konzessiver und konditionaler Nebensätze. (دور سوم: فقط بخش‌هایی را که قبلاً اشتباه کرده‌اید دوباره انجام دهید) 🔗 https://www.youtube.com/watch?v=fJi5dHkeOs8	25	ویدیو: «ÖSD b2 (Fotobeschreibung)» (Deutsch mit Melissa). سپس خودتان درباره «Arbeit und Beruf» صحبت کنید و ضبط کنید؛ ساختار گرامری امروز: Nominalisierung finaler und modaler Nebensätze. (دور چهارم: شرایط واقعی آزمون، بدون مکث و بدون فرهنگ لغت) 🔗 https://www.youtube.com/watch?v=fokI7H-Ufsc	15	متن مقاله ویکی‌پدیای آلمانی «Synchrotron»: ۱۵ واژه یا ترکیب دشوار را از آن بیرون بکشید، ‌معنی و حرف تعریف را بنویسید و هر کدام را در یک جمله خودتان به‌کار ببرید. 🔗 https://de.wikipedia.org/wiki/Synchrotron	20	160	حداقل 88٪ پاسخ درست در تمرین دو مبحث گرامر؛ استفاده از هر دو ساختار در یک جمله نوشتاری یا گفتاری خودتان؛ خروجی اصلی امروز: شنیدن؛ ثبت ۱۵ واژه جدید و خطاها.	انجام نشد
45	7	فاز ۲: مهارت‌سازی آزمونی	2026-11-21	نوشتن	Wechselpräpositionen: Wohin? und Wo? (حروف اضافه دوحالتی: به کجا؟ و کجا؟)	Wir stellen den Schrank in die Ecke. « ما کمد را در گوشه می‌گذاریم. »	Der Schlüssel steckt noch im Schloss. « کلید هنوز در قفل است. »	Lokale Präpositionen: nach, zu, aus, von, bei (حروف اضافه مکانی: nach، zu، aus، von، bei)	Ich fliege im Frühling nach Frankfurt und fahre dann zu einem Bewerbungsgespräch. « بهار به فرانکفورت پرواز می‌کنم و بعد برای یک مصاحبه کاری می‌روم. »	Er kommt gerade vom Arzt und geht jetzt ins Büro. « او همین حالا از پیش پزشک می‌آید و اکنون به دفتر می‌رود. »	40	همان صفحه ـ Teil 3 «Doktor Google» (مقاله روزنامه؛ چندگزینه‌ای؛ ۱۲ دقیقه): ۶ پرسش را پاسخ دهید و دلیل هر پاسخ را از متن نشان دهید. (دور دوم این منبع: بدون نگاه‌کردن به پاسخ‌های دور قبل و با زمان‌سنج) 🔗 https://bfu.goethe.de/b2_mod_2MX6/lesen.php	15	ویدیو: «Hören B2 ـ Deutsch allgemein ـ Übungstest mit Lösungen & Transkript» (Lernen Deutsch mit mir، قالب telc): همراه ترنسکریپت. (دور دوم این منبع: بدون نگاه‌کردن به پاسخ‌های دور قبل و با زمان‌سنج) 🔗 https://www.youtube.com/watch?v=f_oGvvVQ0gw	15	ویدیو: «ÖSD Zertifikat B2 | Schreiben 1 | Beschwerde | Jobbörse vermittelt Praktikum» (Deutsch mit Christiane): نمونه واقعی ÖSD؛ ابتدا خودتان بنویسید، سپس ویدیو را ببینید. سپس درباره «Kultur und Freizeit» بنویسید و ساختار گرامری امروز را به‌کار ببرید: Wechselpräpositionen. (دور سوم: فقط بخش‌هایی را که قبلاً اشتباه کرده‌اید دوباره انجام دهید) 🔗 https://www.youtube.com/watch?v=CFo_Njg5qtk	45	ویدیو: «Mündlich B2 ÖSD ـ Bild beschreiben» (Deutsch B2,C1): مدل توصیف تصویر. سپس خودتان درباره «Gesundheit und Ernährung» صحبت کنید و ضبط کنید؛ ساختار گرامری امروز: Lokale Präpositionen. (دور چهارم: شرایط واقعی آزمون، بدون مکث و بدون فرهنگ لغت) 🔗 https://www.youtube.com/watch?v=GFsneyjtKjA	20	متن مقاله ویکی‌پدیای آلمانی «Internet»: ۱۵ واژه یا ترکیب دشوار را از آن بیرون بکشید، ‌معنی و حرف تعریف را بنویسید و هر کدام را در یک جمله خودتان به‌کار ببرید. 🔗 https://de.wikipedia.org/wiki/Internet	20	155	حداقل 88٪ پاسخ درست در تمرین دو مبحث گرامر؛ استفاده از هر دو ساختار در یک جمله نوشتاری یا گفتاری خودتان؛ خروجی اصلی امروز: نوشتن؛ ثبت ۱۵ واژه جدید و خطاها.	انجام نشد
46	7	فاز ۲: مهارت‌سازی آزمونی	2026-11-22	گفتار	Temporale Präpositionen: seit, ab, bis, vor, in, binnen (حروف اضافه زمانی: seit، ab، bis، vor، in، binnen)	Der Kurs findet von Montag bis Freitag statt. « دوره از دوشنبه تا جمعه برگزار می‌شود. »	Seit zwei Jahren lerne ich Deutsch, und in drei Monaten mache ich die Prüfung. « دو سال است آلمانی یاد می‌گیرم و سه ماه دیگر امتحان می‌دهم. »	Kausale und modale Präpositionen: aus, vor, mit Hilfe von, mittels (حروف اضافه علّی و شیوه‌ای: aus، vor، mit Hilfe von، mittels)	Mithilfe eines Messgeräts bestimmt man die Spannung. « با کمک یک دستگاه اندازه‌گیری، ولتاژ تعیین می‌شود. »	Aus Angst vor Fehlern kontrolliert er alles doppelt. « از ترس خطا، او همه‌چیز را دوبار بررسی می‌کند. »	40	متن مقاله ویکی‌پدیای آلمانی «Fachkräfteeinwanderungsgesetz» (متن عمومی هم‌موضوع، نه نمونه آزمون): ۲۰ دقیقه بخوانید، ۵ جمله خلاصه بنویسید و ۸ واژه یا ترکیب دشوار را استخراج کنید. 🔗 https://de.wikipedia.org/wiki/Fachkr%C3%A4fteeinwanderungsgesetz	25	ویدیو: «DEUTSCH (lern) VIDEO PODCAST #2 ـ Interview mit Konstanze» (SimplyDeutsch): گفت‌وگوی واقعی؛ بدون زیرنویس بشنوید و خلاصه بنویسید. (دور دوم این منبع: بدون نگاه‌کردن به پاسخ‌های دور قبل و با زمان‌سنج) 🔗 https://www.youtube.com/watch?v=adXhZgdhEAY	20	ویدیو: «ÖSD Zertifikat B2 | Schreiben 1 | Beschwerde über Fahrradverleih» (Deutsch mit Christiane): نمونه واقعی ÖSD. سپس درباره «Umwelt und Klima» بنویسید و ساختار گرامری امروز را به‌کار ببرید: Temporale Präpositionen. (دور سوم: فقط بخش‌هایی را که قبلاً اشتباه کرده‌اید دوباره انجام دهید) 🔗 https://www.youtube.com/watch?v=jPxFBXCdm_Y	15	ویدیو: «Deutsch lernen: Bildbeschreibung (Mündliche Prüfung) A1–B2» (SimplyDeutsch). سپس خودتان درباره «Technik und Energie» صحبت کنید و ضبط کنید؛ ساختار گرامری امروز: Kausale und modale Präpositionen. (دور چهارم: شرایط واقعی آزمون، بدون مکث و بدون فرهنگ لغت) 🔗 https://www.youtube.com/watch?v=krJml8rJr8M	40	متن مقاله ویکی‌پدیای آلمانی «Migration»: ۱۵ واژه یا ترکیب دشوار را از آن بیرون بکشید، ‌معنی و حرف تعریف را بنویسید و هر کدام را در یک جمله خودتان به‌کار ببرید. 🔗 https://de.wikipedia.org/wiki/Migration	20	160	حداقل 88٪ پاسخ درست در تمرین دو مبحث گرامر؛ استفاده از هر دو ساختار در یک جمله نوشتاری یا گفتاری خودتان؛ خروجی اصلی امروز: گفتار؛ ثبت ۱۵ واژه جدید و خطاها.	انجام نشد
47	7	فاز ۲: مهارت‌سازی آزمونی	2026-11-23	خواندن و شنیدن	Präpositionen mit Genitiv: innerhalb, außerhalb, anhand, anstelle (حروف اضافه با ژنتیو: innerhalb، außerhalb، anhand، anstelle)	Innerhalb einer Woche müssen Sie die Unterlagen einreichen. « باید ظرف یک هفته مدارک را تحویل دهید. »	Anhand der Messwerte lässt sich der Fehler eingrenzen. « بر پایه مقادیر اندازه‌گیری می‌توان خطا را محدود کرد. »	Verbstellung im Hauptsatz: Position 1 und 2 (جایگاه فعل در جمله پایه: موقعیت ۱ و ۲)	Morgen besuche ich einen Intensivkurs. « فردا در یک دوره فشرده شرکت می‌کنم. »	Haben Sie die Rechnung schon bezahlt? « آیا صورت‌حساب را قبلاً پرداخته‌اید؟ »	40	همان صفحه ـ Teil 4 «Digitale Nomaden» (نظر خوانندگان و تطبیق با تیتر؛ ۱۲ دقیقه). (دور دوم این منبع: بدون نگاه‌کردن به پاسخ‌های دور قبل و با زمان‌سنج) 🔗 https://bfu.goethe.de/b2_mod_2MX6/lesen.php	35	صفحه رسمی گوته B2 ـ Teil 1: پنج گفت‌وگو و جمله کوتاه (ادبیات، پرداخت نقدی، کارآموزی، پلاک دوچرخه، موضوع سمینار)؛ هر متن فقط یک بار؛ ۱۰ تکلیف. (دور سوم: فقط بخش‌هایی را که قبلاً اشتباه کرده‌اید دوباره انجام دهید) 🔗 https://bfu.goethe.de/b2_mod_2MX6/hoeren.php	35	ویدیو: «ÖSD B2 Schreiben: Formelle E-Mail & Meinung schreiben | 10 Modelltests erklärt» (Lernen Deutsch Prüfung). سپس درباره «Bildung und Studium» بنویسید و ساختار گرامری امروز را به‌کار ببرید: Präpositionen mit Genitiv. (دور سوم: فقط بخش‌هایی را که قبلاً اشتباه کرده‌اید دوباره انجام دهید) 🔗 https://www.youtube.com/watch?v=DjTHZa4pb2c	20	ویدیو: «ÖSD B2 – Sprechen – Aufgabe 3 – Meinungsaustausch / Diskussion» (نوای یار). سپس خودتان درباره «Konsum und Werbung» صحبت کنید و ضبط کنید؛ ساختار گرامری امروز: Verbstellung im Hauptsatz. (دور چهارم: شرایط واقعی آزمون، بدون مکث و بدون فرهنگ لغت) 🔗 https://www.youtube.com/watch?v=jjTeXSmVj_Y	15	متن مقاله ویکی‌پدیای آلمانی «Eisenbahn»: ۱۵ واژه یا ترکیب دشوار را از آن بیرون بکشید، ‌معنی و حرف تعریف را بنویسید و هر کدام را در یک جمله خودتان به‌کار ببرید. 🔗 https://de.wikipedia.org/wiki/Eisenbahn	20	165	حداقل 88٪ پاسخ درست در تمرین دو مبحث گرامر؛ استفاده از هر دو ساختار در یک جمله نوشتاری یا گفتاری خودتان؛ خروجی اصلی امروز: خواندن و شنیدن؛ ثبت ۱۵ واژه جدید و خطاها.	انجام نشد
48	7	فاز ۲: مهارت‌سازی آزمونی	2026-11-24	نوشتن و گفتار	Satzklammer und Reihenfolge im Mittelfeld (te-ka-mo-lo) (قاب جمله و ترتیب اجزا در میانه جمله (te-ka-mo-lo))	Wir sind heute wegen des Streiks mit dem Bus nach Hause gefahren. « ما امروز به‌خاطر اعتصاب با اتوبوس به خانه رفتیم. »	Er hat gestern den Motor sorgfältig in der Halle geprüft. « او دیروز موتور را با دقت در سالن بررسی کرد. »	Negation: nicht, kein, nie, weder ... noch (نفی: nicht، kein، nie، weder ... noch)	Ich habe heute leider keine Zeit. « متأسفانه امروز وقت ندارم. »	Er ist nicht zur Besprechung gekommen, und er hat auch nicht angerufen. « او به جلسه نیامد و تماس هم نگرفت. »	40	متن مقاله ویکی‌پدیای آلمانی «Gesetzliche Rentenversicherung» (متن عمومی هم‌موضوع، نه نمونه آزمون): ۲۰ دقیقه بخوانید، ۵ جمله خلاصه بنویسید و ۸ واژه یا ترکیب دشوار را استخراج کنید. 🔗 https://de.wikipedia.org/wiki/Gesetzliche_Rentenversicherung	15	همان صفحه ـ Teil 2: مصاحبه رادیویی با یک دانشمند درباره تغذیه و کشاورزی (مصرف گوشت، حشرات، کشاورزی شهری)؛ دو بار؛ پرسش ۱۱ تا ۱۶. (دور سوم: فقط بخش‌هایی را که قبلاً اشتباه کرده‌اید دوباره انجام دهید) 🔗 https://bfu.goethe.de/b2_mod_2MX6/hoeren.php	20	ویدیو: «Korrektur eines Leserbriefs (Besser Deutsch schreiben B2)» (Deutsch mit Rieke): متن خودتان را با همان معیارها اصلاح کنید. سپس درباره «Wohnen und Stadtleben» بنویسید و ساختار گرامری امروز را به‌کار ببرید: Satzklammer und Reihenfolge im Mittelfeld (te-ka-mo-lo). (دور سوم: فقط بخش‌هایی را که قبلاً اشتباه کرده‌اید دوباره انجام دهید) 🔗 https://www.youtube.com/watch?v=LgHtgyiuv8A	40	ویدیو: «ÖSD-Prüfung B2, Mündlich Teil 3: Meinungsaustausch» (Deutsch global). سپس خودتان درباره «Kultur und Freizeit» صحبت کنید و ضبط کنید؛ ساختار گرامری امروز: Negation. (دور چهارم: شرایط واقعی آزمون، بدون مکث و بدون فرهنگ لغت) 🔗 https://www.youtube.com/watch?v=PJQGfpXbMVI	30	متن مقاله ویکی‌پدیای آلمانی «Inflation»: ۱۵ واژه یا ترکیب دشوار را از آن بیرون بکشید، ‌معنی و حرف تعریف را بنویسید و هر کدام را در یک جمله خودتان به‌کار ببرید. 🔗 https://de.wikipedia.org/wiki/Inflation	20	165	حداقل 88٪ پاسخ درست در تمرین دو مبحث گرامر؛ استفاده از هر دو ساختار در یک جمله نوشتاری یا گفتاری خودتان؛ خروجی اصلی امروز: نوشتن و گفتار؛ ثبت ۱۵ واژه جدید و خطاها.	انجام نشد
49	7	فاز ۲: مهارت‌سازی آزمونی	2026-11-25	مرور هفته و آزمون	Satzadverbien und Modalpartikeln: doch, mal, eben, ja (قیدهای جمله‌ای و ذره‌های وجهی: doch، mal، eben، ja)	Komm doch mal vorbei, wenn du Zeit hast! « اگر وقت داشتی یک سر بیا! »	Das ist ja interessant, das habe ich eben erst gelesen. « چه جالب! همین الان این را خواندم. »	Fokuspartikeln: sogar, nur, auch, erst, schon (ذره‌های تأکیدی: sogar، nur، auch، erst، schon)	Sogar der Chef war von dem Ergebnis überrascht. « حتی رئیس هم از نتیجه شگفت‌زده شد. »	Ich habe erst gestern von der Änderung erfahren. « من تازه دیروز از این تغییر باخبر شدم. »	40	مرور خطاهای خواندن این هفته: هر تکلیف اشتباه را دوباره بخوانید و علت خطا را بنویسید. (مرور هفته 7) منبع: صفحه رسمی دانلودهای ÖSD: یکی از مدل‌ست‌ها را انتخاب کنید و خطاهای این هفته را دوباره حل کنید. 🔗 https://www.osd.at/downloads/	30	مرور خطاهای شنیداری: بخش‌هایی را که اشتباه شنیده‌اید دوباره گوش دهید و با متن تطبیق دهید. (مرور هفته 7) منبع: صفحه رسمی گوته ـ هر Teil شنیداری را که این هفته ضعیف بوده دوباره گوش دهید. 🔗 https://bfu.goethe.de/b2_mod_2MX6/hoeren.php	30	یکی از نوشته‌های هفته را بازنویسی کنید و فهرست خطاهای تکراری خود را به‌روز کنید. (مرور هفته 7) منبع: LanguageTool: یکی از نوشته‌های این هفته را بررسی کنید و خطاهای تکراری را فهرست کنید. 🔗 https://languagetool.org/de	30	ضبط یک تک‌گویی ۳ دقیقه‌ای درباره موضوعی از همین هفته؛ بازشنیدن و یادداشت ۳ نقطه ضعف. (مرور هفته 7) منبع: ویدیوی رسمی ÖSD درباره Sprechen: بازبینی معیارها و ضبط یک تک‌گویی ۳ دقیقه‌ای. 🔗 https://www.youtube.com/watch?v=nFQljN4Oeio	20	مرور همه واژه‌های دشوار هفته با کارت‌های مرور و جمله‌سازی شفاهی. (مرور هفته 7) منبع: فرهنگ لغت DWDS 🔗 https://www.dwds.de/	20	170	همه خطاهای هفته را در دفتر خطا مرور کنید؛ هر خطا را دوباره درست بنویسید و ۱۰ جمله جدید با گرامرهای هفته بسازید.	انجام نشد
50	8	فاز ۳: شبیه‌سازی و صیقل	2026-11-26	خواندن	Verben mit Dativ- und Akkusativobjekt (افعال با مفعول داتیو و اکوزاتیو)	Der Chef gibt dem Mitarbeiter den Schlüssel. « رئیس کلید را به کارمند می‌دهد. »	Ich zeige ihm die Unterlagen, und er erklärt mir den Plan. « من مدارک را به او نشان می‌دهم و او طرح را برایم توضیح می‌دهد. »	Verwendungen von lassen (کاربردهای فعل lassen)	Ich lasse meinen Wagen in der Werkstatt reparieren. « ماشینم را در تعمیرگاه تعمیر می‌کنم (می‌دهم تعمیر کنند). »	Lass mich bitte ausreden! « لطفاً بگذار حرفم را تمام کنم! »	40	همان صفحه ـ Teil 5 «Studienordnung Theaterwissenschaft» (مقررات؛ تطبیق تیتر؛ ۶ دقیقه): این نوع متن اداری را باید در آزمون هم سریع بخوانید. (دور دوم این منبع: بدون نگاه‌کردن به پاسخ‌های دور قبل و با زمان‌سنج) 🔗 https://bfu.goethe.de/b2_mod_2MX6/lesen.php	40	همان صفحه ـ Teil 3: گفت‌وگوی رادیویی درباره شیوه‌های زندگی جایگزین (WG، خانه سالمندان)؛ یک بار؛ تطبیق گوینده و جمله. (دور سوم: فقط بخش‌هایی را که قبلاً اشتباه کرده‌اید دوباره انجام دهید) 🔗 https://bfu.goethe.de/b2_mod_2MX6/hoeren.php	20	ویدیو: «MEINUNG ÄUSSERN / REDEMITTEL (mündliche und schriftliche Prüfung)» (Dein Sprachcoach). سپس درباره «Arbeit und Beruf» بنویسید و ساختار گرامری امروز را به‌کار ببرید: Verben mit Dativ- und Akkusativobjekt. (دور سوم: فقط بخش‌هایی را که قبلاً اشتباه کرده‌اید دوباره انجام دهید) 🔗 https://www.youtube.com/watch?v=m9N-q74a5iE	20	صفحه رسمی گوته B2 ـ Sprechen Teil 1 (سخنرانی ۴ دقیقه‌ای): یکی از موضوع‌ها را انتخاب کنید: «Finanzierung des Studiums»، «Gesund leben»، «Freundschaften pflegen» یا «Ernährung am Arbeitsplatz». ضبط کنید. سپس خودتان درباره «Migration und Integration» صحبت کنید و ضبط کنید؛ ساختار گرامری امروز: Verwendungen von lassen. (دور چهارم: شرایط واقعی آزمون، بدون مکث و بدون فرهنگ لغت) 🔗 https://bfu.goethe.de/b2_mod_2MX6/sprechen.php	15	متن مقاله ویکی‌پدیای آلمانی «Lebenslanges Lernen»: ۱۵ واژه یا ترکیب دشوار را از آن بیرون بکشید، ‌معنی و حرف تعریف را بنویسید و هر کدام را در یک جمله خودتان به‌کار ببرید. 🔗 https://de.wikipedia.org/wiki/Lebenslanges_Lernen	20	155	حداقل 95٪ پاسخ درست در تمرین دو مبحث گرامر؛ استفاده از هر دو ساختار در یک جمله نوشتاری یا گفتاری خودتان؛ خروجی اصلی امروز: خواندن؛ ثبت ۱۵ واژه جدید و خطاها.	انجام نشد
51	8	فاز ۳: شبیه‌سازی و صیقل	2026-11-27	شنیدن	Funktionsverbgefüge (ساخت‌های فعل نقش‌نما)	Wir ziehen Ihr Angebot in Erwägung. « ما پیشنهاد شما را بررسی می‌کنیم. »	Die Firma stellt hohe Anforderungen an die Bewerber. « شرکت از متقاضیان انتظارات بالایی دارد. »	Verben mit festen Präpositionen in der Fachsprache (افعال با حروف اضافه ثابت در زبان تخصصی)	Die Leistung hängt von der Temperatur ab. « توان خروجی به دما بستگی دارد. »	Das Gerät besteht aus drei Hauptteilen. « دستگاه از سه بخش اصلی تشکیل شده است. »	40	متن مقاله ویکی‌پدیای آلمانی «Mietspiegel» (متن عمومی هم‌موضوع، نه نمونه آزمون): ۲۰ دقیقه بخوانید، ۵ جمله خلاصه بنویسید و ۸ واژه یا ترکیب دشوار را استخراج کنید. 🔗 https://de.wikipedia.org/wiki/Mietspiegel	20	همان صفحه ـ Teil 4: سخنرانی کوتاه «Bessere Arbeitstechniken» (تمرکز، استراحت، فشار زمان)؛ دو بار؛ ۸ تکلیف. (دور سوم: فقط بخش‌هایی را که قبلاً اشتباه کرده‌اید دوباره انجام دهید) 🔗 https://bfu.goethe.de/b2_mod_2MX6/hoeren.php	40	ویدیو: «Redemittel: EIGENE MEINUNG ÄUßERN / DISKUSSION (B2, C1, C2)» (Richtig Deutsch sprechen). سپس درباره «Gesundheit und Ernährung» بنویسید و ساختار گرامری امروز را به‌کار ببرید: Funktionsverbgefüge. (دور سوم: فقط بخش‌هایی را که قبلاً اشتباه کرده‌اید دوباره انجام دهید) 🔗 https://www.youtube.com/watch?v=7gAG0tXjlzM	25	همان صفحه ـ Teil 2 (بحث ۵ دقیقه‌ای): «Sollen Studierende ihre Professorinnen und Professoren beurteilen?» ـ موافق و مخالف را با شریک یا ضبط صدا تمرین کنید. سپس خودتان درباره «Reisen und Verkehr» صحبت کنید و ضبط کنید؛ ساختار گرامری امروز: Verben mit festen Präpositionen in der Fachsprache. (دور چهارم: شرایط واقعی آزمون، بدون مکث و بدون فرهنگ لغت) 🔗 https://bfu.goethe.de/b2_mod_2MX6/sprechen.php	15	متن مقاله ویکی‌پدیای آلمانی «Stadtplanung»: ۱۵ واژه یا ترکیب دشوار را از آن بیرون بکشید، ‌معنی و حرف تعریف را بنویسید و هر کدام را در یک جمله خودتان به‌کار ببرید. 🔗 https://de.wikipedia.org/wiki/Stadtplanung	20	160	حداقل 95٪ پاسخ درست در تمرین دو مبحث گرامر؛ استفاده از هر دو ساختار در یک جمله نوشتاری یا گفتاری خودتان؛ خروجی اصلی امروز: شنیدن؛ ثبت ۱۵ واژه جدید و خطاها.	انجام نشد
52	8	فاز ۳: شبیه‌سازی و صیقل	2026-11-28	نوشتن	brauchen + zu + Infinitiv (brauchen + zu + مصدر)	Du brauchst nicht zu kommen, wir schaffen das allein. « لازم نیست بیایی، خودمان از پسش برمی‌آییم. »	Sie braucht nur den Antrag zu unterschreiben. « او فقط لازم است درخواست را امضا کند. »	scheinen, drohen und versprechen + zu + Infinitiv (scheinen، drohen و versprechen + zu + مصدر)	Die Anlage scheint defekt zu sein. « به نظر می‌رسد دستگاه معیوب است. »	Das Dach droht einzustürzen. « خطر فروریختن سقف وجود دارد. »	40	PDF رسمی نمونه‌آزمون گوته B2 (جوانان) ـ Lesen Teil 1: چهار نفر در انجمن درباره تعطیلاتشان می‌نویسند؛ تطبیق جمله‌ها با افراد. (دور دوم این منبع: بدون نگاه‌کردن به پاسخ‌های دور قبل و با زمان‌سنج) 🔗 https://www.goethe.de/resources/files/pdf206/b2-jugendliche-modellsatz-1.2_tahoma132.pdf	15	فایل صوتی رسمی گوته B2 (جوانان) Prüfungstraining 1 Hören (MP3): به‌همراه PDF همان نمونه‌آزمون حل کنید. (دور سوم: فقط بخش‌هایی را که قبلاً اشتباه کرده‌اید دوباره انجام دهید) 🔗 https://goethemp4s.akamaized.net/resources/files/mp310/pruefungstraining_1_hoeren_b2_jugendliche.mp3	15	ویدیو: «Redemittel Meinung zustimmen/ablehnen, B1/B2 (Diskussion)» (SimplyDeutsch). سپس درباره «Technik und Energie» بنویسید و ساختار گرامری امروز را به‌کار ببرید: brauchen + zu + Infinitiv. (دور سوم: فقط بخش‌هایی را که قبلاً اشتباه کرده‌اید دوباره انجام دهید) 🔗 https://www.youtube.com/watch?v=Veb-oo1lJQM	45	ویدیوی رسمی ÖSD: «ÖSD Zertifikat B2 – Mündliche Prüfung (Sprechen)»: ساختار واقعی را ببینید، بعد یک تکلیف مشابه را ضبط کنید. سپس خودتان درباره «Wirtschaft und Finanzen» صحبت کنید و ضبط کنید؛ ساختار گرامری امروز: scheinen, drohen und versprechen + zu + Infinitiv. (دور چهارم: شرایط واقعی آزمون، بدون مکث و بدون فرهنگ لغت) 🔗 https://www.youtube.com/watch?v=nFQljN4Oeio	20	متن مقاله ویکی‌پدیای آلمانی «Ehrenamt»: ۱۵ واژه یا ترکیب دشوار را از آن بیرون بکشید، ‌معنی و حرف تعریف را بنویسید و هر کدام را در یک جمله خودتان به‌کار ببرید. 🔗 https://de.wikipedia.org/wiki/Ehrenamt	20	155	حداقل 95٪ پاسخ درست در تمرین دو مبحث گرامر؛ استفاده از هر دو ساختار در یک جمله نوشتاری یا گفتاری خودتان؛ خروجی اصلی امروز: نوشتن؛ ثبت ۱۵ واژه جدید و خطاها.	انجام نشد
53	8	فاز ۳: شبیه‌سازی و صیقل	2026-11-29	گفتار	Wortbildung: Präfixe und Suffixe (واژه‌سازی: پیشوندها و پسوندها)	Die Unzufriedenheit der Kunden ist in den letzten Monaten gewachsen. « نارضایتی مشتریان در ماه‌های اخیر افزایش یافته است. »	Seine Zuverlässigkeit macht ihn zu einem geschätzten Kollegen. « قابل اعتماد بودنش او را به همکاری ارزشمند تبدیل کرده است. »	Wortbildung: zusammengesetzte Nomen (واژه‌سازی: اسم‌های مرکب)	Der Stromverbrauch steigt im Winter deutlich an. « مصرف برق در زمستان به‌وضوح بالا می‌رود. »	Die Sicherheitsvorschriften der Firma sind sehr streng. « مقررات ایمنی شرکت بسیار سخت‌گیرانه است. »	40	متن مقاله ویکی‌پدیای آلمانی «Teilchenbeschleuniger» (متن عمومی هم‌موضوع، نه نمونه آزمون): ۲۰ دقیقه بخوانید، ۵ جمله خلاصه بنویسید و ۸ واژه یا ترکیب دشوار را استخراج کنید. 🔗 https://de.wikipedia.org/wiki/Teilchenbeschleuniger	25	فایل رسمی گوته B2 (بزرگسالان) Modellsatz Hören/Rahmen (MP4): فایل را همراه PDF نمونه‌آزمون پخش کنید. (دور سوم: فقط بخش‌هایی را که قبلاً اشتباه کرده‌اید دوباره انجام دهید) 🔗 https://goethemp4s.akamaized.net/resources/files/mp477/b2_modellsatz_rahmen_erwachsene.mp4	20	ویدیو: «Alle wichtigen Konnektoren | B1–B2–C1» (Einfach deutsch, easy deutsch). سپس درباره «Konsum und Werbung» بنویسید و ساختار گرامری امروز را به‌کار ببرید: Wortbildung. (دور سوم: فقط بخش‌هایی را که قبلاً اشتباه کرده‌اید دوباره انجام دهید) 🔗 https://www.youtube.com/watch?v=ul-cf_-bdyA	15	ویدیو: «Prüfungsvorbereitung B2, Thema präsentieren, Meinung äußern, Redemittel» (Deutsch global). سپس خودتان درباره «Arbeit und Beruf» صحبت کنید و ضبط کنید؛ ساختار گرامری امروز: Wortbildung. (دور چهارم: شرایط واقعی آزمون، بدون مکث و بدون فرهنگ لغت) 🔗 https://www.youtube.com/watch?v=ILelVsByEPk	40	متن مقاله ویکی‌پدیای آلمانی «Partikeltherapie»: ۱۵ واژه یا ترکیب دشوار را از آن بیرون بکشید، ‌معنی و حرف تعریف را بنویسید و هر کدام را در یک جمله خودتان به‌کار ببرید. 🔗 https://de.wikipedia.org/wiki/Partikeltherapie	20	160	حداقل 95٪ پاسخ درست در تمرین دو مبحث گرامر؛ استفاده از هر دو ساختار در یک جمله نوشتاری یا گفتاری خودتان؛ خروجی اصلی امروز: گفتار؛ ثبت ۱۵ واژه جدید و خطاها.	انجام نشد
54	8	فاز ۳: شبیه‌سازی و صیقل	2026-11-30	خواندن و شنیدن	Imperativ und höfliche Aufforderungen (امر و درخواست‌های مؤدبانه)	Bitte schalten Sie das Gerät vor der Reinigung aus! « لطفاً پیش از تمیز کردن دستگاه را خاموش کنید! »	Sei bitte pünktlich und bring die Unterlagen mit! « لطفاً سروقت بیا و مدارک را همراه بیاور! »	Demonstrativ- und Indefinitartikel: derjenige, jeglich, sämtlich (حرف‌های اشاره و نامعین: derjenige، jeglich، sämtlich)	Derjenige, der zuerst kommt, öffnet die Tür. « هر کس که اول بیاید، در را باز می‌کند. »	Sämtliche Teilnehmer erhalten ein Zertifikat. « تمام شرکت‌کنندگان گواهی دریافت می‌کنند. »	40	همان PDF ـ Lesen Teil 2: مقاله «آینده سینما در عصر اینترنت» با جای‌خالی؛ جمله‌های مناسب را انتخاب کنید. (دور دوم این منبع: بدون نگاه‌کردن به پاسخ‌های دور قبل و با زمان‌سنج) 🔗 https://www.goethe.de/resources/files/pdf206/b2-jugendliche-modellsatz-1.2_tahoma132.pdf	35	ویدیو: «ÖSD MITTELSTUFE B2 ـ Hören Modell 3 Teil 1 mit Lösung» (DEUTSCH-INSTITUT). (دور سوم: فقط بخش‌هایی را که قبلاً اشتباه کرده‌اید دوباره انجام دهید) 🔗 https://www.youtube.com/watch?v=XwuOjYe-J3o	35	ویدیو: «Wir BESCHREIBEN eine GRAFIK (Redemittel | B2 | C1)» (Dein Sprachcoach): توصیف نمودار. سپس درباره «Kultur und Freizeit» بنویسید و ساختار گرامری امروز را به‌کار ببرید: Imperativ und höfliche Aufforderungen. (دور سوم: فقط بخش‌هایی را که قبلاً اشتباه کرده‌اید دوباره انجام دهید) 🔗 https://www.youtube.com/watch?v=1UlFUBd3gyc	20	ویدیو: «Was Prüfer bei der BILDBESCHREIBUNG erwarten: ÖSD B2» (AR German Talks): معیارهای ارزیابی را یادداشت کنید. سپس خودتان درباره «Gesundheit und Ernährung» صحبت کنید و ضبط کنید؛ ساختار گرامری امروز: Demonstrativ- und Indefinitartikel. (دور چهارم: شرایط واقعی آزمون، بدون مکث و بدون فرهنگ لغت) 🔗 https://www.youtube.com/watch?v=Xwp5L53uj3s	15	متن مقاله ویکی‌پدیای آلمانی «Medienkompetenz»: ۱۵ واژه یا ترکیب دشوار را از آن بیرون بکشید، ‌معنی و حرف تعریف را بنویسید و هر کدام را در یک جمله خودتان به‌کار ببرید. 🔗 https://de.wikipedia.org/wiki/Medienkompetenz	20	165	حداقل 95٪ پاسخ درست در تمرین دو مبحث گرامر؛ استفاده از هر دو ساختار در یک جمله نوشتاری یا گفتاری خودتان؛ خروجی اصلی امروز: خواندن و شنیدن؛ ثبت ۱۵ واژه جدید و خطاها.	انجام نشد
55	8	فاز ۳: شبیه‌سازی و صیقل	2026-12-01	نوشتن و گفتار	Pronomen man und Platzhalter es (ضمیر man و ضمیر جانشین es)	Man sollte die Frist nicht verpassen. « نباید مهلت را از دست داد. »	Es freut mich, dass Sie gekommen sind. « خوشحالم که آمده‌اید. »	Reziproke Pronomen und Possessivartikel (ضمایر متقابل و صفات ملکی)	Wir helfen einander bei den Hausaufgaben. « ما در انجام تکالیف به یکدیگر کمک می‌کنیم. »	Ich habe meinen Ausweis vergessen, aber meine Kollegin hat ihren dabei. « من کارت شناسایی‌ام را فراموش کردم، اما همکارم کارتش را همراه دارد. »	40	متن مقاله ویکی‌پدیای آلمانی «Integration (Soziologie)» (متن عمومی هم‌موضوع، نه نمونه آزمون): ۲۰ دقیقه بخوانید، ۵ جمله خلاصه بنویسید و ۸ واژه یا ترکیب دشوار را استخراج کنید. 🔗 https://de.wikipedia.org/wiki/Integration_(Soziologie)	15	ویدیو: «Projekt ÖSD B2: Hörverstehen T1-1 | Prüfungsvorbereitung & Lösungen» (Lernen Deutsch Prüfung). (دور سوم: فقط بخش‌هایی را که قبلاً اشتباه کرده‌اید دوباره انجام دهید) 🔗 https://www.youtube.com/watch?v=L6wl89TFx-Y	20	ویدیو: «GRAFIKBESCHREIBUNG – Deutsch lernen (B1, B2)» (Ulya Deutsch). سپس درباره «Umwelt und Klima» بنویسید و ساختار گرامری امروز را به‌کار ببرید: Pronomen man und Platzhalter es. (دور سوم: فقط بخش‌هایی را که قبلاً اشتباه کرده‌اید دوباره انجام دهید) 🔗 https://www.youtube.com/watch?v=y6aLuPAgE_o	40	ویدیو: «ÖSD B2 – Sprechen – Aufgabe 2 – Ein Bild/Foto beschreiben und interpretieren» (نوای یار). سپس خودتان درباره «Technik und Energie» صحبت کنید و ضبط کنید؛ ساختار گرامری امروز: Reziproke Pronomen und Possessivartikel. (دور چهارم: شرایط واقعی آزمون، بدون مکث و بدون فرهنگ لغت) 🔗 https://www.youtube.com/watch?v=sSlVy6IXTME	30	متن مقاله ویکی‌پدیای آلمانی «Einwanderung»: ۱۵ واژه یا ترکیب دشوار را از آن بیرون بکشید، ‌معنی و حرف تعریف را بنویسید و هر کدام را در یک جمله خودتان به‌کار ببرید. 🔗 https://de.wikipedia.org/wiki/Einwanderung	20	165	حداقل 95٪ پاسخ درست در تمرین دو مبحث گرامر؛ استفاده از هر دو ساختار در یک جمله نوشتاری یا گفتاری خودتان؛ خروجی اصلی امروز: نوشتن و گفتار؛ ثبت ۱۵ واژه جدید و خطاها.	انجام نشد
56	8	فاز ۳: شبیه‌سازی و صیقل	2026-12-02	آزمون آزمایشی	Zahlen, Mengen, Brüche und Prozentangaben (عددها، مقدارها، کسرها و درصدها)	Etwa ein Drittel der Studierenden kommt aus dem Ausland. « حدود یک‌سوم دانشجویان از خارج از کشور می‌آیند. »	Die Kosten sind im Vergleich zum Vorjahr um 15 Prozent gestiegen. « هزینه‌ها نسبت به سال قبل ۱۵ درصد افزایش یافته است. »	Datums-, Zeit- und Ortsangaben im formellen Kontext (بیان تاریخ، زمان و مکان در متن رسمی)	Der Termin findet am 14. November um 9.30 Uhr statt. « جلسه در ۱۴ نوامبر ساعت ۹:۳۰ برگزار می‌شود. »	Die Prüfung beginnt um Viertel nach acht im Raum 204. « امتحان ساعت هشت و ربع در اتاق ۲۰۴ شروع می‌شود. »	20	آزمون آزمایشی 4 ـ خواندن: همه تکلیف‌ها را در ۹۰ دقیقه و بدون فرهنگ لغت حل کنید. منبع: مدل‌ست رسمی «ÖSD Zertifikat B2 / Jugendliche» (ZIP)؛ بخش Lesen در ۹۰ دقیقه. 🔗 https://osd.at/wp-content/uploads/2026/08/ZB2_Modellsatz.zip	90	آزمون آزمایشی 4 ـ شنیدن: مطابق شرایط آزمون و هر فایل صوتی فقط یک بار (حدود ۳۰ دقیقه؛ مدت دقیق را با نمونه رسمی تطبیق دهید). منبع: همان ZIP ـ بخش Hören. 🔗 https://osd.at/wp-content/uploads/2026/08/ZB2_Modellsatz.zip	30	آزمون آزمایشی 4 ـ نوشتن: همه تکلیف‌ها را در ۹۰ دقیقه بنویسید؛ سپس با معیارهای محتوا، ساختار، واژگان و صحت دستوری ارزیابی کنید. منبع: همان ZIP ـ بخش Schreiben. 🔗 https://osd.at/wp-content/uploads/2026/08/ZB2_Modellsatz.zip	90	آزمون آزمایشی 4 ـ گفتار: ۱۵ تا ۲۰ دقیقه با شریک یا معلم (یا ضبط صدا) و بازشنیدن ضبط. منبع: همان ZIP ـ بخش Sprechen؛ با شریک یا ضبط. 🔗 https://osd.at/wp-content/uploads/2026/08/ZB2_Modellsatz.zip	20	مرور خطاهای آزمون: ۱۰ واژه یا عبارتی را که در آزمون ندانستید مرور کنید. منبع: فرهنگ لغت DWDS برای مرور واژه‌های دشوار آزمون 🔗 https://www.dwds.de/	10	260	آزمون آزمایشی شماره 4 را در شرایط واقعی انجام دهید، نمره هر مهارت را در برگه «آزمون‌های آزمایشی» ثبت کنید و ضعیف‌ترین مهارت را مشخص کنید.	انجام نشد
57	9	فاز ۳: شبیه‌سازی و صیقل	2026-12-03	خواندن	Hauptsatzverbindungen: aber, sondern, denn, und, oder (اتصال جمله‌های پایه: aber، sondern، denn، und، oder)	Ich möchte kommen, aber ich habe leider keine Zeit. « می‌خواهم بیایم، اما متأسفانه وقت ندارم. »	Er ist nicht krank, sondern nur müde. « او بیمار نیست، بلکه فقط خسته است. »	Textverknüpfung: außerdem, zudem, ferner, darüber hinaus (پیوند متنی: außerdem، zudem، ferner، darüber hinaus)	Die Stadt ist schön, außerdem ist sie sehr sicher. « شهر زیباست و علاوه بر آن بسیار امن هم هست. »	Der Job bietet ein gutes Gehalt, zudem gibt es flexible Arbeitszeiten. « این شغل حقوق خوبی دارد و به‌علاوه ساعت کاری انعطاف‌پذیر هم دارد. »	40	همان PDF ـ Lesen Teil 3: مقاله روزنامه درباره مسابقه شنا یک مدرسه برای پروژه‌ای در مالی؛ چندگزینه‌ای. (دور دوم این منبع: بدون نگاه‌کردن به پاسخ‌های دور قبل و با زمان‌سنج) 🔗 https://www.goethe.de/resources/files/pdf206/b2-jugendliche-modellsatz-1.2_tahoma132.pdf	40	ویدیو: «ÖSD B2 Hörverstehen: Test 2, Aufgabe 1 mit Lösungen» (Lernen Deutsch Prüfung). (دور سوم: فقط بخش‌هایی را که قبلاً اشتباه کرده‌اید دوباره انجام دهید) 🔗 https://www.youtube.com/watch?v=MpdaniZohao	20	ویدیو: «Eine Grafik beschreiben (Redemittel)» (LevelUPSpace). سپس درباره «Reisen und Verkehr» بنویسید و ساختار گرامری امروز را به‌کار ببرید: Hauptsatzverbindungen. (دور سوم: فقط بخش‌هایی را که قبلاً اشتباه کرده‌اید دوباره انجام دهید) 🔗 https://www.youtube.com/watch?v=pSZNqd9W7GI	20	ویدیو: «ÖSD b2 (Fotobeschreibung)» (Deutsch mit Melissa). سپس خودتان درباره «Wissenschaft und Forschung» صحبت کنید و ضبط کنید؛ ساختار گرامری امروز: Textverknüpfung. (دور چهارم: شرایط واقعی آزمون، بدون مکث و بدون فرهنگ لغت) 🔗 https://www.youtube.com/watch?v=fokI7H-Ufsc	15	متن مقاله ویکی‌پدیای آلمانی «Freizeit»: ۱۵ واژه یا ترکیب دشوار را از آن بیرون بکشید، ‌معنی و حرف تعریف را بنویسید و هر کدام را در یک جمله خودتان به‌کار ببرید. 🔗 https://de.wikipedia.org/wiki/Freizeit	20	155	حداقل 95٪ پاسخ درست در تمرین دو مبحث گرامر؛ استفاده از هر دو ساختار در یک جمله نوشتاری یا گفتاری خودتان؛ خروجی اصلی امروز: خواندن؛ ثبت ۱۵ واژه جدید و خطاها.	انجام نشد
58	9	فاز ۳: شبیه‌سازی و صیقل	2026-12-04	شنیدن	Meinungsäußerung: Redemittel und Satzmuster (بیان نظر: عبارت‌ها و الگوهای جمله)	Meiner Meinung nach sollte man früher mit dem Deutschlernen anfangen. « به نظر من باید زودتر یادگیری آلمانی را شروع کرد. »	Ich bin davon überzeugt, dass Weiterbildung für die Karriere wichtig ist. « من متقاعد شده‌ام که آموزش مداوم برای پیشرفت شغلی مهم است. »	Vergleich und Gegenüberstellung im Text (مقایسه و رودررو قرار دادن در متن)	Im Vergleich zu früher arbeiten heute mehr Menschen im Homeoffice. « در مقایسه با گذشته، امروز افراد بیشتری از خانه کار می‌کنند. »	Während das Auto bequem ist, ist die Bahn umweltfreundlicher. « در حالی که ماشین راحت است، قطار سازگارتر با محیط‌زیست است. »	40	متن مقاله ویکی‌پدیای آلمانی «Treibhauseffekt» (متن عمومی هم‌موضوع، نه نمونه آزمون): ۲۰ دقیقه بخوانید، ۵ جمله خلاصه بنویسید و ۸ واژه یا ترکیب دشوار را استخراج کنید. 🔗 https://de.wikipedia.org/wiki/Treibhauseffekt	20	ویدیو: «ÖSD B2 Modelltest 8 Aufgabe 2 Hören mit Lösungen» (Lernen Deutsch Prüfung). (دور سوم: فقط بخش‌هایی را که قبلاً اشتباه کرده‌اید دوباره انجام دهید) 🔗 https://www.youtube.com/watch?v=YJAwhjgQVHE	40	صفحه رسمی گوته B2 ـ Teil 1 (۵۰ دقیقه، حداقل ۱۵۰ کلمه): پست انجمن درباره بسته‌بندی پلاستیکی (نظر، دلیل، جایگزین‌ها، مزایا). سپس درباره «Wirtschaft und Finanzen» بنویسید و ساختار گرامری امروز را به‌کار ببرید: Meinungsäußerung. (دور سوم: فقط بخش‌هایی را که قبلاً اشتباه کرده‌اید دوباره انجام دهید) 🔗 https://bfu.goethe.de/b2_mod_2MX6/schreiben.php	25	ویدیو: «Mündlich B2 ÖSD ـ Bild beschreiben» (Deutsch B2,C1): مدل توصیف تصویر. سپس خودتان درباره «Medien und Internet» صحبت کنید و ضبط کنید؛ ساختار گرامری امروز: Vergleich und Gegenüberstellung im Text. (دور چهارم: شرایط واقعی آزمون، بدون مکث و بدون فرهنگ لغت) 🔗 https://www.youtube.com/watch?v=GFsneyjtKjA	15	متن مقاله ویکی‌پدیای آلمانی «Nachhaltigkeit»: ۱۵ واژه یا ترکیب دشوار را از آن بیرون بکشید، ‌معنی و حرف تعریف را بنویسید و هر کدام را در یک جمله خودتان به‌کار ببرید. 🔗 https://de.wikipedia.org/wiki/Nachhaltigkeit	20	160	حداقل 95٪ پاسخ درست در تمرین دو مبحث گرامر؛ استفاده از هر دو ساختار در یک جمله نوشتاری یا گفتاری خودتان؛ خروجی اصلی امروز: شنیدن؛ ثبت ۱۵ واژه جدید و خطاها.	انجام نشد
59	9	فاز ۳: شبیه‌سازی و صیقل	2026-12-05	نوشتن	Argumentationsstruktur: einerseits ... andererseits, zum einen ... zum anderen (ساختار استدلال: einerseits ... andererseits، zum einen ... zum anderen)	Einerseits spart man Zeit, andererseits fehlt der persönliche Kontakt. « از یک طرف زمان صرفه‌جویی می‌شود، از طرف دیگر ارتباط شخصی از بین می‌رود. »	Zum einen ist die Miete niedrig, zum anderen ist die Lage ruhig. « یکی اینکه اجاره پایین است، دیگر اینکه محل آرام است. »	Rückbezug und Textverweise: hierbei, dabei, darüber, dies (ارجاع و اشاره در متن: hierbei، dabei، darüber، dies)	Darüber hinaus müssen wir die Kosten berücksichtigen. « افزون بر این باید هزینه‌ها را در نظر بگیریم. »	Hierbei spielt die Qualität der Materialien eine große Rolle. « در این مورد کیفیت مواد نقش بزرگی دارد. »	40	همان PDF ـ Lesen Teil 4: نظر جوانان درباره تحصیل و آموزش حرفه‌ای؛ تطبیق با تیتر. (دور دوم این منبع: بدون نگاه‌کردن به پاسخ‌های دور قبل و با زمان‌سنج) 🔗 https://www.goethe.de/resources/files/pdf206/b2-jugendliche-modellsatz-1.2_tahoma132.pdf	15	ویدیو: «Ösd Mittelstufe B2 Modelltest 10 Hören Teil 2 mit Lösungen» (DEUTSCH-INSTITUT). (دور سوم: فقط بخش‌هایی را که قبلاً اشتباه کرده‌اید دوباره انجام دهید) 🔗 https://www.youtube.com/watch?v=LYeBgund6SI	15	همان صفحه ـ Teil 2 (۲۵ دقیقه، حداقل ۱۰۰ کلمه): پیام به سرپرست (Herr Ebert) درباره حجم زیاد کار در دوره کارآموزی. سپس درباره «Arbeit und Beruf» بنویسید و ساختار گرامری امروز را به‌کار ببرید: Argumentationsstruktur. (دور سوم: فقط بخش‌هایی را که قبلاً اشتباه کرده‌اید دوباره انجام دهید) 🔗 https://bfu.goethe.de/b2_mod_2MX6/schreiben.php	45	ویدیو: «Deutsch lernen: Bildbeschreibung (Mündliche Prüfung) A1–B2» (SimplyDeutsch). سپس خودتان درباره «Migration und Integration» صحبت کنید و ضبط کنید؛ ساختار گرامری امروز: Rückbezug und Textverweise. (دور چهارم: شرایط واقعی آزمون، بدون مکث و بدون فرهنگ لغت) 🔗 https://www.youtube.com/watch?v=krJml8rJr8M	20	متن مقاله ویکی‌پدیای آلمانی «Duales Studium»: ۱۵ واژه یا ترکیب دشوار را از آن بیرون بکشید، ‌معنی و حرف تعریف را بنویسید و هر کدام را در یک جمله خودتان به‌کار ببرید. 🔗 https://de.wikipedia.org/wiki/Duales_Studium	20	155	حداقل 95٪ پاسخ درست در تمرین دو مبحث گرامر؛ استفاده از هر دو ساختار در یک جمله نوشتاری یا گفتاری خودتان؛ خروجی اصلی امروز: نوشتن؛ ثبت ۱۵ واژه جدید و خطاها.	انجام نشد
60	9	فاز ۳: شبیه‌سازی و صیقل	2026-12-06	گفتار	Formeller Brief: Passiv und Nominalstil (نامه رسمی: مجهول و سبک اسمی)	Ihre Unterlagen werden derzeit von unserer Personalabteilung geprüft. « مدارک شما در حال حاضر توسط واحد کارگزینی ما بررسی می‌شود. »	Wir bitten um Zusendung der fehlenden Dokumente bis zum 30. November. « از شما خواهشمندیم مدارک ناقص را تا ۳۰ نوامبر ارسال کنید. »	Formeller Brief: Höflichkeit mit Konjunktiv II (نامه رسمی: ادب با وجه التزامی ۲)	Ich würde mich über eine baldige Antwort sehr freuen. « از دریافت پاسخ سریع بسیار خوشحال می‌شوم. »	Könnten Sie mir bitte mitteilen, ob die Stelle noch frei ist? « ممکن است لطفاً اطلاع دهید که آیا این موقعیت شغلی هنوز خالی است؟ »	40	متن مقاله ویکی‌پدیای آلمانی «Gentrifizierung» (متن عمومی هم‌موضوع، نه نمونه آزمون): ۲۰ دقیقه بخوانید، ۵ جمله خلاصه بنویسید و ۸ واژه یا ترکیب دشوار را استخراج کنید. 🔗 https://de.wikipedia.org/wiki/Gentrifizierung	25	ویدیو: «Projekt ÖSD B2 Hören ـ Modelltest 10 Aufgabe 2» (Lernen Deutsch Prüfung). (دور سوم: فقط بخش‌هایی را که قبلاً اشتباه کرده‌اید دوباره انجام دهید) 🔗 https://www.youtube.com/watch?v=e-KQ3U-EWjg	20	ویدیو: «Wie schreibe ich einen Leserbrief? ـ Aufbau, Gliederung & Inhalt» (Die Merkhilfe): ساختار را یادداشت کنید، سپس متن نظرتان را بنویسید. سپس درباره «Gesundheit und Ernährung» بنویسید و ساختار گرامری امروز را به‌کار ببرید: Formeller Brief. (دور چهارم: شرایط واقعی آزمون، بدون مکث و بدون فرهنگ لغت) 🔗 https://www.youtube.com/watch?v=jrZ1A_BLZZA	15	ویدیو: «ÖSD B2 – Sprechen – Aufgabe 3 – Meinungsaustausch / Diskussion» (نوای یار). سپس خودتان درباره «Reisen und Verkehr» صحبت کنید و ضبط کنید؛ ساختار گرامری امروز: Formeller Brief. (دور چهارم: شرایط واقعی آزمون، بدون مکث و بدون فرهنگ لغت) 🔗 https://www.youtube.com/watch?v=jjTeXSmVj_Y	40	متن مقاله ویکی‌پدیای آلمانی «Smart City»: ۱۵ واژه یا ترکیب دشوار را از آن بیرون بکشید، ‌معنی و حرف تعریف را بنویسید و هر کدام را در یک جمله خودتان به‌کار ببرید. 🔗 https://de.wikipedia.org/wiki/Smart_City	20	160	حداقل 95٪ پاسخ درست در تمرین دو مبحث گرامر؛ استفاده از هر دو ساختار در یک جمله نوشتاری یا گفتاری خودتان؛ خروجی اصلی امروز: گفتار؛ ثبت ۱۵ واژه جدید و خطاها.	انجام نشد
61	9	فاز ۳: شبیه‌سازی و صیقل	2026-12-07	خواندن و شنیدن	Beschwerde und Reklamation: Redemittel (شکایت و اعتراض: عبارت‌های کاربردی)	Leider muss ich mich über die Verspätung der Lieferung beschweren. « متأسفانه باید از تأخیر در تحویل کالا شکایت کنم. »	Ich hätte erwartet, dass das Gerät einwandfrei funktioniert. « انتظار داشتم دستگاه بی‌نقص کار کند. »	Grafikbeschreibung: Redemittel für Zahlen und Trends (توصیف نمودار: عبارت‌ها برای عدد و روند)	Die Grafik zeigt, dass der Energieverbrauch seit 2015 kontinuierlich gestiegen ist. « نمودار نشان می‌دهد که مصرف انرژی از سال ۲۰۱۵ پیوسته افزایش یافته است. »	Im Vergleich zum Vorjahr hat sich die Zahl der Anträge verdoppelt. « در مقایسه با سال قبل، تعداد درخواست‌ها دو برابر شده است. »	40	همان PDF ـ Lesen Teil 5: آیین‌نامه یک مدرسه (Schulordnung)؛ تطبیق تیتر با بندها. (دور دوم این منبع: بدون نگاه‌کردن به پاسخ‌های دور قبل و با زمان‌سنج) 🔗 https://www.goethe.de/resources/files/pdf206/b2-jugendliche-modellsatz-1.2_tahoma132.pdf	35	ویدیو: «Hören Teil 1 Modeltest 04 mit Lösungen ـ Prüfungstraining Goethe Zertifikat B2» (Der Traum ist wahr geworden). (دور سوم: فقط بخش‌هایی را که قبلاً اشتباه کرده‌اید دوباره انجام دهید) 🔗 https://www.youtube.com/watch?v=hBLjXCLRQ8U	35	ویدیو: «Redemittel: Die eigene Meinung ausdrücken» (DeutschLera): ۱۰ عبارت را بنویسید و در متن خودتان استفاده کنید. سپس درباره «Technik und Energie» بنویسید و ساختار گرامری امروز را به‌کار ببرید: Beschwerde und Reklamation. (دور چهارم: شرایط واقعی آزمون، بدون مکث و بدون فرهنگ لغت) 🔗 https://www.youtube.com/watch?v=Tj9P_HXTBtM	20	ویدیو: «ÖSD-Prüfung B2, Mündlich Teil 3: Meinungsaustausch» (Deutsch global). سپس خودتان درباره «Wirtschaft und Finanzen» صحبت کنید و ضبط کنید؛ ساختار گرامری امروز: Grafikbeschreibung. (دور چهارم: شرایط واقعی آزمون، بدون مکث و بدون فرهنگ لغت) 🔗 https://www.youtube.com/watch?v=PJQGfpXbMVI	15	متن مقاله ویکی‌پدیای آلمانی «Gesundheit»: ۱۵ واژه یا ترکیب دشوار را از آن بیرون بکشید، ‌معنی و حرف تعریف را بنویسید و هر کدام را در یک جمله خودتان به‌کار ببرید. 🔗 https://de.wikipedia.org/wiki/Gesundheit	20	165	حداقل 95٪ پاسخ درست در تمرین دو مبحث گرامر؛ استفاده از هر دو ساختار در یک جمله نوشتاری یا گفتاری خودتان؛ خروجی اصلی امروز: خواندن و شنیدن؛ ثبت ۱۵ واژه جدید و خطاها.	انجام نشد
62	9	فاز ۳: شبیه‌سازی و صیقل	2026-12-08	نوشتن و گفتار	Formelle Verb-Nomen-Wendungen im Anschreiben (عبارت‌های رسمی فعل‌ـ‌اسم در نامه‌های درخواست)	Ich nehme Bezug auf Ihre Anzeige vom 3. Oktober. « با اشاره به آگهی شما مورخ ۳ اکتبر می‌نویسم. »	Wir sind an einer langfristigen Zusammenarbeit sehr interessiert. « ما به همکاری بلندمدت بسیار علاقه‌مندیم. »	Zusammenfassen und Schlussfolgern: somit, demnach, folglich (جمع‌بندی و نتیجه‌گیری: somit، demnach، folglich)	Die Nachfrage sinkt, somit sinken auch die Preise. « تقاضا کم می‌شود، بنابراین قیمت‌ها هم کاهش می‌یابند. »	Demnach ist das Projekt derzeit nicht wirtschaftlich. « بنابراین پروژه در حال حاضر مقرون‌به‌صرفه نیست. »	40	متن مقاله ویکی‌پدیای آلمانی «Strahlentherapie» (متن عمومی هم‌موضوع، نه نمونه آزمون): ۲۰ دقیقه بخوانید، ۵ جمله خلاصه بنویسید و ۸ واژه یا ترکیب دشوار را استخراج کنید. 🔗 https://de.wikipedia.org/wiki/Strahlentherapie	15	ویدیو: «Prüfungstraining Goethe Zertifikat B2 Hören Teil 1 Modeltest 03 mit Lösungen» (Der Traum ist wahr geworden). (دور سوم: فقط بخش‌هایی را که قبلاً اشتباه کرده‌اید دوباره انجام دهید) 🔗 https://www.youtube.com/watch?v=vqq7FSc9qps	20	ویدیو: «Sofort besser schreiben mit diesen Konnektoren! (b2, c1)» (DeutschLera): حداقل ۶ حرف ربط را در متنتان به‌کار ببرید. سپس درباره «Konsum und Werbung» بنویسید و ساختار گرامری امروز را به‌کار ببرید: Formelle Verb-Nomen-Wendungen im Anschreiben. (دور چهارم: شرایط واقعی آزمون، بدون مکث و بدون فرهنگ لغت) 🔗 https://www.youtube.com/watch?v=oBqzMHsZfPA	40	صفحه رسمی گوته B2 ـ Sprechen Teil 1 (سخنرانی ۴ دقیقه‌ای): یکی از موضوع‌ها را انتخاب کنید: «Finanzierung des Studiums»، «Gesund leben»، «Freundschaften pflegen» یا «Ernährung am Arbeitsplatz». ضبط کنید. سپس خودتان درباره «Arbeit und Beruf» صحبت کنید و ضبط کنید؛ ساختار گرامری امروز: Zusammenfassen und Schlussfolgern. (دور چهارم: شرایط واقعی آزمون، بدون مکث و بدون فرهنگ لغت) 🔗 https://bfu.goethe.de/b2_mod_2MX6/sprechen.php	30	متن مقاله ویکی‌پدیای آلمانی «Kernfusion»: ۱۵ واژه یا ترکیب دشوار را از آن بیرون بکشید، ‌معنی و حرف تعریف را بنویسید و هر کدام را در یک جمله خودتان به‌کار ببرید. 🔗 https://de.wikipedia.org/wiki/Kernfusion	20	165	حداقل 95٪ پاسخ درست در تمرین دو مبحث گرامر؛ استفاده از هر دو ساختار در یک جمله نوشتاری یا گفتاری خودتان؛ خروجی اصلی امروز: نوشتن و گفتار؛ ثبت ۱۵ واژه جدید و خطاها.	انجام نشد
63	9	فاز ۳: شبیه‌سازی و صیقل	2026-12-09	آزمون آزمایشی	Einschränkende Aussagen: allerdings, jedoch, immerhin (گفته‌های محدودکننده: allerdings، jedoch، immerhin)	Der Plan ist gut, allerdings fehlt das nötige Geld. « طرح خوب است، اما پول لازم وجود ندارد. »	Der Test war schwer, immerhin habe ich ihn bestanden. « آزمون سخت بود، ولی دست‌کم قبول شدم. »	Hervorhebung durch Voranstellung und Inversion (تأکید با پیش‌انداختن اجزا و جابه‌جایی)	Besonders wichtig finde ich die Teamarbeit. « کار گروهی را به‌ویژه مهم می‌دانم. »	Gestern erst habe ich die Nachricht bekommen. « همین دیروز بود که پیام را دریافت کردم. »	20	آزمون آزمایشی 5 ـ خواندن: همه تکلیف‌ها را در ۹۰ دقیقه و بدون فرهنگ لغت حل کنید. منبع: PDF رسمی گوته B2 (جوانان)؛ بخش Lesen (متن‌های جدید برای شما) ـ ۶۵ دقیقه. 🔗 https://www.goethe.de/resources/files/pdf206/b2-jugendliche-modellsatz-1.2_tahoma132.pdf	90	آزمون آزمایشی 5 ـ شنیدن: مطابق شرایط آزمون و هر فایل صوتی فقط یک بار (حدود ۳۰ دقیقه؛ مدت دقیق را با نمونه رسمی تطبیق دهید). منبع: فایل صوتی رسمی (MP3) همراه همان PDF؛ بخش Hören. 🔗 https://goethemp4s.akamaized.net/resources/files/mp310/pruefungstraining_1_hoeren_b2_jugendliche.mp3	30	آزمون آزمایشی 5 ـ نوشتن: همه تکلیف‌ها را در ۹۰ دقیقه بنویسید؛ سپس با معیارهای محتوا، ساختار، واژگان و صحت دستوری ارزیابی کنید. منبع: همان PDF ـ بخش Schreiben. 🔗 https://www.goethe.de/resources/files/pdf206/b2-jugendliche-modellsatz-1.2_tahoma132.pdf	90	آزمون آزمایشی 5 ـ گفتار: ۱۵ تا ۲۰ دقیقه با شریک یا معلم (یا ضبط صدا) و بازشنیدن ضبط. منبع: همان PDF ـ بخش Sprechen. 🔗 https://www.goethe.de/resources/files/pdf206/b2-jugendliche-modellsatz-1.2_tahoma132.pdf	20	مرور خطاهای آزمون: ۱۰ واژه یا عبارتی را که در آزمون ندانستید مرور کنید. منبع: فرهنگ لغت DWDS برای مرور واژه‌های دشوار آزمون 🔗 https://www.dwds.de/	10	260	آزمون آزمایشی شماره 5 را در شرایط واقعی انجام دهید، نمره هر مهارت را در برگه «آزمون‌های آزمایشی» ثبت کنید و ضعیف‌ترین مهارت را مشخص کنید.	انجام نشد
64	10	فاز ۳: شبیه‌سازی و صیقل	2026-12-10	خواندن	Komplexe Konditionalgefüge mit Konjunktiv II (ساختارهای شرطی پیچیده با وجه التزامی ۲)	Wenn ich damals gewusst hätte, wie schwer die Prüfung ist, hätte ich mich besser vorbereitet. « اگر آن زمان می‌دانستم امتحان چقدر سخت است، بهتر آماده می‌شدم. »	Es wäre schön, wenn wir einen größeren Raum hätten, in dem wir arbeiten könnten. « خوب می‌شد اگر اتاق بزرگ‌تری داشتیم که در آن کار کنیم. »	Komplexe Passivformen im Satzgefüge (مجهول پیچیده در جمله‌های مرکب)	Die Anlage, die vor zehn Jahren gebaut wurde, soll nächstes Jahr modernisiert werden. « تأسیساتی که ده سال پیش ساخته شد، قرار است سال آینده نوسازی شود. »	Es ist bekannt, dass die Fehler bereits behoben worden sind. « معلوم است که خطاها از قبل رفع شده‌اند. »	40	PDF نمونه‌آزمون انتشارات Klett (Probeauszug، صفحه‌های ۴ تا ۱۲، ۴ تکلیف خواندن، ۸۰ دقیقه، همراه پاسخ): فقط یک تکلیف را در زمان تعیین‌شده حل کنید. (دور دوم این منبع: بدون نگاه‌کردن به پاسخ‌های دور قبل و با زمان‌سنج) 🔗 https://www.klett-sprachen.de/downloads/19048/Probeauszug_5FGoethe_2DZertifikat_5FB2/pdf	40	ویدیو: «Prüfungstraining Goethe Zertifikat B2 Hören Teil 2 Modeltest 02» (Der Traum ist wahr geworden): مصاحبه/گزارش؛ دو بار. (دور سوم: فقط بخش‌هایی را که قبلاً اشتباه کرده‌اید دوباره انجام دهید) 🔗 https://www.youtube.com/watch?v=hDGtqHTTYQA	20	ویدیو: «Deutsch lernen: B2 Beschwerdebrief schreiben» (SimplyDeutsch): نامه شکایت را طبق همین الگو بنویسید. سپس درباره «Medien und Internet» بنویسید و ساختار گرامری امروز را به‌کار ببرید: Komplexe Konditionalgefüge mit Konjunktiv II. (دور چهارم: شرایط واقعی آزمون، بدون مکث و بدون فرهنگ لغت) 🔗 https://www.youtube.com/watch?v=fJi5dHkeOs8	20	همان صفحه ـ Teil 2 (بحث ۵ دقیقه‌ای): «Sollen Studierende ihre Professorinnen und Professoren beurteilen?» ـ موافق و مخالف را با شریک یا ضبط صدا تمرین کنید. سپس خودتان درباره «Wohnen und Stadtleben» صحبت کنید و ضبط کنید؛ ساختار گرامری امروز: Komplexe Passivformen im Satzgefüge. (دور چهارم: شرایط واقعی آزمون، بدون مکث و بدون فرهنگ لغت) 🔗 https://bfu.goethe.de/b2_mod_2MX6/sprechen.php	15	متن مقاله ویکی‌پدیای آلمانی «Transformator»: ۱۵ واژه یا ترکیب دشوار را از آن بیرون بکشید، ‌معنی و حرف تعریف را بنویسید و هر کدام را در یک جمله خودتان به‌کار ببرید. 🔗 https://de.wikipedia.org/wiki/Transformator	20	155	حداقل 95٪ پاسخ درست در تمرین دو مبحث گرامر؛ استفاده از هر دو ساختار در یک جمله نوشتاری یا گفتاری خودتان؛ خروجی اصلی امروز: خواندن؛ ثبت ۱۵ واژه جدید و خطاها.	انجام نشد
65	10	فاز ۳: شبیه‌سازی و صیقل	2026-12-11	شنیدن	Komplexe indirekte Rede (گفتار غیرمستقیم پیچیده)	Der Sprecher erklärte, man habe die Ursache noch nicht gefunden, werde aber weiter suchen. « سخنگو توضیح داد که هنوز علت پیدا نشده، اما جست‌وجو ادامه خواهد یافت. »	Er fragte mich, ob ich wisse, wann die Prüfung stattfinde und ob man sich anmelden müsse. « او از من پرسید که آیا می‌دانم امتحان چه موقع برگزار می‌شود و آیا باید ثبت‌نام کرد. »	Komplexe Partizipialkonstruktionen (ساخت‌های وجه وصفی پیچیده)	Die von der Firma entwickelte und weltweit verkaufte Software wird ständig verbessert. « نرم‌افزاری که شرکت توسعه داده و در سراسر جهان فروخته می‌شود، دائماً بهبود می‌یابد. »	Der auf dem Tisch liegende Bericht muss bis morgen unterschrieben werden. « گزارشی که روی میز است، باید تا فردا امضا شود. »	40	متن مقاله ویکی‌پدیای آلمانی «Konsum» (متن عمومی هم‌موضوع، نه نمونه آزمون): ۲۰ دقیقه بخوانید، ۵ جمله خلاصه بنویسید و ۸ واژه یا ترکیب دشوار را استخراج کنید. 🔗 https://de.wikipedia.org/wiki/Konsum	20	ویدیو: «Prüfungstraining Goethe Zertifikat B2 Hören Teil 4 Modeltest 02 mit Lösungen» (Der Traum ist wahr geworden): سخنرانی کوتاه. (دور سوم: فقط بخش‌هایی را که قبلاً اشتباه کرده‌اید دوباره انجام دهید) 🔗 https://www.youtube.com/watch?v=JzYzg-5Lgms	40	ویدیو: «ÖSD Zertifikat B2 | Schreiben 1 | Beschwerde | Jobbörse vermittelt Praktikum» (Deutsch mit Christiane): نمونه واقعی ÖSD؛ ابتدا خودتان بنویسید، سپس ویدیو را ببینید. سپس درباره «Migration und Integration» بنویسید و ساختار گرامری امروز را به‌کار ببرید: Komplexe indirekte Rede. (دور چهارم: شرایط واقعی آزمون، بدون مکث و بدون فرهنگ لغت) 🔗 https://www.youtube.com/watch?v=CFo_Njg5qtk	25	ویدیوی رسمی ÖSD: «ÖSD Zertifikat B2 – Mündliche Prüfung (Sprechen)»: ساختار واقعی را ببینید، بعد یک تکلیف مشابه را ضبط کنید. سپس خودتان درباره «Gesellschaft und Familie» صحبت کنید و ضبط کنید؛ ساختار گرامری امروز: Komplexe Partizipialkonstruktionen. (دور چهارم: شرایط واقعی آزمون، بدون مکث و بدون فرهنگ لغت) 🔗 https://www.youtube.com/watch?v=nFQljN4Oeio	15	متن مقاله ویکی‌پدیای آلمانی «Verbraucherschutz»: ۱۵ واژه یا ترکیب دشوار را از آن بیرون بکشید، ‌معنی و حرف تعریف را بنویسید و هر کدام را در یک جمله خودتان به‌کار ببرید. 🔗 https://de.wikipedia.org/wiki/Verbraucherschutz	20	160	حداقل 95٪ پاسخ درست در تمرین دو مبحث گرامر؛ استفاده از هر دو ساختار در یک جمله نوشتاری یا گفتاری خودتان؛ خروجی اصلی امروز: شنیدن؛ ثبت ۱۵ واژه جدید و خطاها.	انجام نشد
66	10	فاز ۳: شبیه‌سازی و صیقل	2026-12-12	نوشتن	Komplexe Nominalisierungen im Fachtext (اسم‌سازی‌های پیچیده در متن تخصصی)	Nach der Durchführung der Tests erfolgt die Auswertung der Ergebnisse. « پس از انجام آزمایش‌ها، ارزیابی نتایج صورت می‌گیرد. »	Trotz der Erhöhung der Preise stieg die Nachfrage weiter an. « با وجود افزایش قیمت‌ها، تقاضا همچنان بالا رفت. »	Komplexe Konnektoren im Textzusammenhang (حروف ربط پیچیده در بافت متن)	Obwohl die Kosten hoch sind, lohnt sich die Investition, weil sie langfristig Energie spart. « با اینکه هزینه‌ها بالاست، سرمایه‌گذاری ارزش دارد، چون در بلندمدت انرژی صرفه‌جویی می‌کند. »	Er lernt täglich, damit er die Prüfung besteht; außerdem übt er das Sprechen mit Freunden. « او هر روز درس می‌خواند تا امتحان را بگذراند و علاوه بر آن با دوستانش صحبت کردن را تمرین می‌کند. »	40	ویدیو: «ÖSD-Prüfung Mittelstufe B2 ـ Leseverstehen Modelltest 1 mit Lösungen» (World Idioms): ابتدا خودتان متن را روی صفحه بخوانید و ویدیو را نگه دارید، بعد با راه‌حل مقایسه کنید. (دور دوم این منبع: بدون نگاه‌کردن به پاسخ‌های دور قبل و با زمان‌سنج) 🔗 https://www.youtube.com/watch?v=B0XwzqHOQaU	15	ویدیو: «Goethe Zertifikat B2 hören 2023 ـ MD4» (Speak German with Confidence): یک بخش کامل شنیدن. (دور سوم: فقط بخش‌هایی را که قبلاً اشتباه کرده‌اید دوباره انجام دهید) 🔗 https://www.youtube.com/watch?v=OSeAGBRFsDY	15	ویدیو: «ÖSD Zertifikat B2 | Schreiben 1 | Beschwerde über Fahrradverleih» (Deutsch mit Christiane): نمونه واقعی ÖSD. سپس درباره «Reisen und Verkehr» بنویسید و ساختار گرامری امروز را به‌کار ببرید: Komplexe Nominalisierungen im Fachtext. (دور چهارم: شرایط واقعی آزمون، بدون مکث و بدون فرهنگ لغت) 🔗 https://www.youtube.com/watch?v=jPxFBXCdm_Y	45	ویدیو: «Prüfungsvorbereitung B2, Thema präsentieren, Meinung äußern, Redemittel» (Deutsch global). سپس خودتان درباره «Wissenschaft und Forschung» صحبت کنید و ضبط کنید؛ ساختار گرامری امروز: Komplexe Konnektoren im Textzusammenhang. (دور چهارم: شرایط واقعی آزمون، بدون مکث و بدون فرهنگ لغت) 🔗 https://www.youtube.com/watch?v=ILelVsByEPk	20	متن مقاله ویکی‌پدیای آلمانی «Sport»: ۱۵ واژه یا ترکیب دشوار را از آن بیرون بکشید، ‌معنی و حرف تعریف را بنویسید و هر کدام را در یک جمله خودتان به‌کار ببرید. 🔗 https://de.wikipedia.org/wiki/Sport	20	155	حداقل 95٪ پاسخ درست در تمرین دو مبحث گرامر؛ استفاده از هر دو ساختار در یک جمله نوشتاری یا گفتاری خودتان؛ خروجی اصلی امروز: نوشتن؛ ثبت ۱۵ واژه جدید و خطاها.	انجام نشد
67	10	فاز ۳: شبیه‌سازی و صیقل	2026-12-13	گفتار	Komplexe Relativsätze (جمله‌های موصولی پیچیده)	Der Ingenieur, mit dem ich zusammenarbeite und dessen Erfahrung beeindruckend ist, wird befördert. « مهندسی که با او همکاری می‌کنم و تجربه‌اش تحسین‌برانگیز است، ارتقا می‌یابد. »	Das Problem, über das wir gesprochen haben, ist inzwischen gelöst. « مشکلی که درباره‌اش صحبت کردیم، در این میان حل شده است. »	Komplexe Infinitivkonstruktionen (ساخت‌های مصدری پیچیده)	Es ist mein Ziel, in Deutschland zu arbeiten, ohne ständig auf Hilfe angewiesen zu sein. « هدف من این است که در آلمان کار کنم، بدون اینکه دائماً به کمک وابسته باشم. »	Statt die Fehler zu verheimlichen, sollte man sie offen besprechen, um daraus zu lernen. « به‌جای پنهان کردن خطاها باید آن‌ها را آشکارا بررسی کرد تا از آن‌ها آموخت. »	40	متن مقاله ویکی‌پدیای آلمانی «Recycling» (متن عمومی هم‌موضوع، نه نمونه آزمون): ۲۰ دقیقه بخوانید، ۵ جمله خلاصه بنویسید و ۸ واژه یا ترکیب دشوار را استخراج کنید. 🔗 https://de.wikipedia.org/wiki/Recycling	25	ویدیو: «Goethe Zertifikat B2 Hören Modellsatz Jugendliche» (Grenzenlosci): بخش شنیدن کامل. (دور سوم: فقط بخش‌هایی را که قبلاً اشتباه کرده‌اید دوباره انجام دهید) 🔗 https://www.youtube.com/watch?v=Kyf_3zXSwIE	20	ویدیو: «ÖSD B2 Schreiben: Formelle E-Mail & Meinung schreiben | 10 Modelltests erklärt» (Lernen Deutsch Prüfung). سپس درباره «Wirtschaft und Finanzen» بنویسید و ساختار گرامری امروز را به‌کار ببرید: Komplexe Relativsätze. (دور چهارم: شرایط واقعی آزمون، بدون مکث و بدون فرهنگ لغت) 🔗 https://www.youtube.com/watch?v=DjTHZa4pb2c	15	ویدیو: «Was Prüfer bei der BILDBESCHREIBUNG erwarten: ÖSD B2» (AR German Talks): معیارهای ارزیابی را یادداشت کنید. سپس خودتان درباره «Medien und Internet» صحبت کنید و ضبط کنید؛ ساختار گرامری امروز: Komplexe Infinitivkonstruktionen. (دور چهارم: شرایط واقعی آزمون، بدون مکث و بدون فرهنگ لغت) 🔗 https://www.youtube.com/watch?v=Xwp5L53uj3s	40	متن مقاله ویکی‌پدیای آلمانی «Biodiversität»: ۱۵ واژه یا ترکیب دشوار را از آن بیرون بکشید، ‌معنی و حرف تعریف را بنویسید و هر کدام را در یک جمله خودتان به‌کار ببرید. 🔗 https://de.wikipedia.org/wiki/Biodiversit%C3%A4t	20	160	حداقل 95٪ پاسخ درست در تمرین دو مبحث گرامر؛ استفاده از هر دو ساختار در یک جمله نوشتاری یا گفتاری خودتان؛ خروجی اصلی امروز: گفتار؛ ثبت ۱۵ واژه جدید و خطاها.	انجام نشد
68	10	فاز ۳: شبیه‌سازی و صیقل	2026-12-14	خواندن و شنیدن	Komplexe Modalverben: Vermutung, Vorwurf, Vergangenheit (افعال وجهی پیچیده: حدس، سرزنش، گذشته)	Er soll das Projekt geleitet haben, muss aber viele Fehler gemacht haben. « گفته می‌شود او پروژه را رهبری کرده، اما حتماً اشتباهات زیادی هم داشته است. »	Du hättest den Termin nicht vergessen dürfen. « نباید قرار ملاقات را فراموش می‌کردی. »	Verben mit Präpositionen: Gesamtüberblick (افعال با حرف اضافه: مرور جامع)	Ich habe mich auf die Stelle beworben und warte nun auf eine Antwort. « برای این موقعیت شغلی درخواست داده‌ام و اکنون منتظر پاسخ هستم. »	Wir haben uns darauf geeinigt, dass jeder für seinen Bereich verantwortlich ist. « ما بر سر این توافق کردیم که هر کس مسئول حوزه خودش باشد. »	40	ویدیو: «Leseverstehen B2 ـ Modelltest 2 Teil 3 mit Lösungen» (World Idioms): تکلیف را پیش از دیدن پاسخ حل کنید. (دور دوم این منبع: بدون نگاه‌کردن به پاسخ‌های دور قبل و با زمان‌سنج) 🔗 https://www.youtube.com/watch?v=Dhh6YRsb7oM	35	ویدیو: «Hören B2 ـ Deutsch allgemein ـ Übungstest mit Lösungen & Transkript» (Lernen Deutsch mit mir، قالب telc): همراه ترنسکریپت. (دور سوم: فقط بخش‌هایی را که قبلاً اشتباه کرده‌اید دوباره انجام دهید) 🔗 https://www.youtube.com/watch?v=f_oGvvVQ0gw	35	ویدیو: «Korrektur eines Leserbriefs (Besser Deutsch schreiben B2)» (Deutsch mit Rieke): متن خودتان را با همان معیارها اصلاح کنید. سپس درباره «Arbeit und Beruf» بنویسید و ساختار گرامری امروز را به‌کار ببرید: Komplexe Modalverben. (دور چهارم: شرایط واقعی آزمون، بدون مکث و بدون فرهنگ لغت) 🔗 https://www.youtube.com/watch?v=LgHtgyiuv8A	20	ویدیو: «ÖSD B2 – Sprechen – Aufgabe 2 – Ein Bild/Foto beschreiben und interpretieren» (نوای یار). سپس خودتان درباره «Migration und Integration» صحبت کنید و ضبط کنید؛ ساختار گرامری امروز: Verben mit Präpositionen. (دور چهارم: شرایط واقعی آزمون، بدون مکث و بدون فرهنگ لغت) 🔗 https://www.youtube.com/watch?v=sSlVy6IXTME	15	متن مقاله ویکی‌پدیای آلمانی «Hochschule»: ۱۵ واژه یا ترکیب دشوار را از آن بیرون بکشید، ‌معنی و حرف تعریف را بنویسید و هر کدام را در یک جمله خودتان به‌کار ببرید. 🔗 https://de.wikipedia.org/wiki/Hochschule	20	165	حداقل 95٪ پاسخ درست در تمرین دو مبحث گرامر؛ استفاده از هر دو ساختار در یک جمله نوشتاری یا گفتاری خودتان؛ خروجی اصلی امروز: خواندن و شنیدن؛ ثبت ۱۵ واژه جدید و خطاها.	انجام نشد
69	10	فاز ۳: شبیه‌سازی و صیقل	2026-12-15	نوشتن و گفتار	Komplexe Wortstellung: Nebensatz im Vorfeld und Subjektsatz (ترتیب پیچیده اجزا: جمله وابسته در آغاز و جمله فاعلی)	Wegen des Sturms konnte der Techniker die Leitung gestern leider nicht reparieren. « به‌خاطر طوفان، تکنسین متأسفانه دیروز نتوانست کابل را تعمیر کند. »	Dass er pünktlich kommt, hat uns alle überrascht. « اینکه او سروقت می‌آید، همه ما را شگفت‌زده کرد. »	Zeitenfolge im Satzgefüge (توالی زمان‌ها در جمله‌های مرکب)	Nachdem ich die Prüfung bestanden hatte, habe ich mich um ein Visum gekümmert. « پس از اینکه امتحان را گذراندم، به کار ویزا رسیدگی کردم. »	Wenn ich in Deutschland angekommen bin, werde ich zuerst eine Wohnung suchen. « وقتی به آلمان رسیدم، اول دنبال خانه خواهم گشت. »	40	متن مقاله ویکی‌پدیای آلمانی «Wohnungsmarkt» (متن عمومی هم‌موضوع، نه نمونه آزمون): ۲۰ دقیقه بخوانید، ۵ جمله خلاصه بنویسید و ۸ واژه یا ترکیب دشوار را استخراج کنید. 🔗 https://de.wikipedia.org/wiki/Wohnungsmarkt	15	ویدیو: «DEUTSCH (lern) VIDEO PODCAST #2 ـ Interview mit Konstanze» (SimplyDeutsch): گفت‌وگوی واقعی؛ بدون زیرنویس بشنوید و خلاصه بنویسید. (دور سوم: فقط بخش‌هایی را که قبلاً اشتباه کرده‌اید دوباره انجام دهید) 🔗 https://www.youtube.com/watch?v=adXhZgdhEAY	20	ویدیو: «MEINUNG ÄUSSERN / REDEMITTEL (mündliche und schriftliche Prüfung)» (Dein Sprachcoach). سپس درباره «Gesundheit und Ernährung» بنویسید و ساختار گرامری امروز را به‌کار ببرید: Komplexe Wortstellung. (دور چهارم: شرایط واقعی آزمون، بدون مکث و بدون فرهنگ لغت) 🔗 https://www.youtube.com/watch?v=m9N-q74a5iE	40	ویدیو: «ÖSD b2 (Fotobeschreibung)» (Deutsch mit Melissa). سپس خودتان درباره «Reisen und Verkehr» صحبت کنید و ضبط کنید؛ ساختار گرامری امروز: Zeitenfolge im Satzgefüge. (دور چهارم: شرایط واقعی آزمون، بدون مکث و بدون فرهنگ لغت) 🔗 https://www.youtube.com/watch?v=fokI7H-Ufsc	30	متن مقاله ویکی‌پدیای آلمانی «Mietspiegel»: ۱۵ واژه یا ترکیب دشوار را از آن بیرون بکشید، ‌معنی و حرف تعریف را بنویسید و هر کدام را در یک جمله خودتان به‌کار ببرید. 🔗 https://de.wikipedia.org/wiki/Mietspiegel	20	165	حداقل 95٪ پاسخ درست در تمرین دو مبحث گرامر؛ استفاده از هر دو ساختار در یک جمله نوشتاری یا گفتاری خودتان؛ خروجی اصلی امروز: نوشتن و گفتار؛ ثبت ۱۵ واژه جدید و خطاها.	انجام نشد
70	10	فاز ۳: شبیه‌سازی و صیقل	2026-12-16	آزمون آزمایشی	Adjektivendungen: Gesamtüberblick mit Komparation (پایان صفت‌ها: مرور جامع همراه با درجه‌بندی)	Mit seinen langjährigen Erfahrungen in der Hochspannungstechnik ist er ein gefragter Spezialist. « با تجربه‌های چندین‌ساله‌اش در فناوری فشار قوی، او متخصصی پرتقاضاست. »	Wir suchen einen zuverlässigeren Kollegen für unser engagiertes Team. « ما دنبال همکاری قابل‌اعتمادتر برای تیم پرانگیزه‌مان هستیم. »	Typische Fehler: Kasus, Genus und Verbposition (خطاهای رایج: حالت، جنسیت و جایگاه فعل)	Falsch: Ich warte für den Bus. – Richtig: Ich warte auf den Bus. « نادرست: «Ich warte für den Bus». درست: «Ich warte auf den Bus» (من منتظر اتوبوس هستم). »	Falsch: Weil er ist krank, bleibt er zu Hause. – Richtig: Weil er krank ist, bleibt er zu Hause. « نادرست: فعل در جمله وابسته در جای دوم. درست: فعل در پایان جمله وابسته می‌آید (چون او بیمار است، در خانه می‌ماند). »	20	آزمون آزمایشی 6 ـ خواندن: همه تکلیف‌ها را در ۹۰ دقیقه و بدون فرهنگ لغت حل کنید. منبع: مدل‌ست رسمی «ÖSD Zertifikat B2 PMB» (ZIP؛ ویژه حرفه‌های پرستاری/پزشکی، قالب مشابه)؛ بخش Lesen؛ آخرین تمرین زمان‌دار. 🔗 https://osd.at/wp-content/uploads/2026/08/ZB2_PMB_Modellsatz.zip	90	آزمون آزمایشی 6 ـ شنیدن: مطابق شرایط آزمون و هر فایل صوتی فقط یک بار (حدود ۳۰ دقیقه؛ مدت دقیق را با نمونه رسمی تطبیق دهید). منبع: همان ZIP ـ بخش Hören. 🔗 https://osd.at/wp-content/uploads/2026/08/ZB2_PMB_Modellsatz.zip	30	آزمون آزمایشی 6 ـ نوشتن: همه تکلیف‌ها را در ۹۰ دقیقه بنویسید؛ سپس با معیارهای محتوا، ساختار، واژگان و صحت دستوری ارزیابی کنید. منبع: همان ZIP ـ بخش Schreiben. 🔗 https://osd.at/wp-content/uploads/2026/08/ZB2_PMB_Modellsatz.zip	90	آزمون آزمایشی 6 ـ گفتار: ۱۵ تا ۲۰ دقیقه با شریک یا معلم (یا ضبط صدا) و بازشنیدن ضبط. منبع: همان ZIP ـ بخش Sprechen؛ شبیه‌سازی نهایی. 🔗 https://osd.at/wp-content/uploads/2026/08/ZB2_PMB_Modellsatz.zip	20	مرور خطاهای آزمون: ۱۰ واژه یا عبارتی را که در آزمون ندانستید مرور کنید. منبع: فرهنگ لغت DWDS برای مرور واژه‌های دشوار آزمون 🔗 https://www.dwds.de/	10	260	آزمون آزمایشی شماره 6 را در شرایط واقعی انجام دهید، نمره هر مهارت را در برگه «آزمون‌های آزمایشی» ثبت کنید و ضعیف‌ترین مهارت را مشخص کنید.	انجام نشد
جمع کل											2680		2160		1800		2310		1550		1340	11840	197.3 ساعت مطالعه در کل ۷۰ روز	